yaw_angle,Time(s),rotor power (W)
270,19022.802301,3593847.6034
270,19118.333632,1507119.5046
270,19202.9660955,1271730.06059
270,19290.167171,1162377.02728
270,19379.515534,1358792.7196
270,19467.5115901,1489887.21077
270,19553.9258989,1084941.7285
270,19640.3778616,1238586.20246
270,19727.6739366,964387.919621
270,19816.7297599,1617096.27747
270,19904.559497,1368470.81388
270,19991.8703072,1144078.18764
270,20080.3943224,1263820.0731
270,20165.9305591,938452.635677
270,20222.802301,1363982.49891
270,20222.852301,1368945.95017
270,20222.902301,1104166.42034
270,20222.952301,849403.615603
270,20223.002301,814286.026522
270,20223.052301,914244.566018
270,20223.102301,964570.036655
270,20223.152301,880792.900439
270,20223.202301,774917.194052
270,20223.252301,735854.927068
270,20223.302301,846284.341393
270,20223.352301,980092.615311
270,20223.402301,1157927.81464
270,20223.452301,1596847.12894
270,20223.502301,1766007.39788
270,20223.552301,1868413.07884
270,20223.602301,1844203.20629
270,20223.652301,1784842.22702
270,20223.702301,1704801.50185
270,20223.752301,1650042.7998
270,20223.802301,1621895.73755
270,20223.852301,1626101.36335
270,20223.902301,1625200.50558
270,20223.952301,1616705.33655
270,20224.002301,1761680.2396
270,20224.052301,1743155.49378
270,20224.102301,1720229.59585
270,20224.152301,1704726.62217
270,20224.202301,1670955.29474
270,20224.252301,1649971.9559
270,20224.302301,1686134.69347
270,20224.352301,1665910.56872
270,20224.402301,1631355.49933
270,20224.452301,1715416.59738
270,20224.502301,1775450.52369
270,20224.552301,1954433.87879
270,20224.602301,1917763.64977
270,20224.652301,1973603.18554
270,20224.702301,1996786.09239
270,20224.752301,1975728.46985
270,20224.802301,1959528.06844
270,20224.852301,1959392.37449
270,20224.902301,1948613.61698
270,20224.952301,1878483.92214
270,20225.002301,1770616.20046
270,20225.052301,1635186.55642
270,20225.102301,1727378.69463
270,20225.152301,1642422.75431
270,20225.202301,1648934.51712
270,20225.252301,1689782.85211
270,20225.302301,1648634.96472
270,20225.352301,1633327.33907
270,20225.402301,1676978.02644
270,20225.452301,1683811.44104
270,20225.502301,1623948.77109
270,20225.552301,1546707.89631
270,20225.602301,1650951.1822
270,20225.652301,1536179.21671
270,20225.702301,1411926.80467
270,20225.752301,1341006.52981
270,20225.802301,1359138.93964
270,20225.852301,1368511.07509
270,20225.902301,1389449.82041
270,20225.952301,1381358.78123
270,20226.002301,1380075.28407
270,20226.052301,1398686.90947
270,20226.102301,1413938.72279
270,20226.152301,1545607.37428
270,20226.202301,1540497.76163
270,20226.252301,1550556.28365
270,20226.302301,1556083.02148
270,20226.352301,1518123.72132
270,20226.402301,1478177.45263
270,20226.452301,1481072.27805
270,20226.502301,1439016.66706
270,20226.552301,1394811.3749
270,20226.602301,1434737.93462
270,20226.652301,1469756.926
270,20226.702301,1621131.45587
270,20226.752301,1554534.47353
270,20226.802301,1531456.58342
270,20226.852301,1620937.96292
270,20226.902301,1629591.66074
270,20226.952301,1624940.24045
270,20227.002301,1646109.99059
270,20227.052301,1694836.03024
270,20227.102301,1689554.66999
270,20227.152301,1684631.35165
270,20227.202301,1654870.85133
270,20227.252301,1830492.02354
270,20227.302301,1781447.3556
270,20227.352301,1711407.0263
270,20227.402301,1654349.87756
270,20227.452301,1604124.8955
270,20227.502301,1645689.06728
270,20227.552301,1683669.98452
270,20227.602301,1710924.04404
270,20227.652301,1679771.99955
270,20227.702301,1640286.08705
270,20227.752301,1533968.71236
270,20227.802301,1622988.81538
270,20227.852301,1553313.79823
270,20227.902301,1498173.27858
270,20227.952301,1478039.64705
270,20228.002301,1459069.96433
270,20228.052301,1445006.13767
270,20228.102301,1422166.8037
270,20228.152301,1421398.46568
270,20228.202301,1421802.34008
270,20228.252301,1452642.80944
270,20228.302301,1440663.75254
270,20228.352301,1516857.33684
270,20228.402301,1459221.24182
270,20228.452301,1470383.53983
270,20228.502301,1495617.2682
270,20228.552301,1454096.68875
270,20228.602301,1419881.67029
270,20228.652301,1436292.00962
270,20228.702301,1430278.67384
270,20228.752301,1404615.46977
270,20228.802301,1402693.33496
270,20228.852301,1412286.29291
270,20228.902301,1388116.2195
270,20228.952301,1493658.23675
270,20229.002301,1504660.94533
270,20229.052301,1597142.04779
270,20229.102301,1666075.20572
270,20229.152301,1691389.44507
270,20229.202301,1688715.63431
270,20229.252301,1681188.19123
270,20229.302301,1626641.87123
270,20229.352301,1568971.28774
270,20229.402301,1487352.38294
270,20229.452301,1437485.62109
270,20229.502301,1579471.61919
270,20229.552301,1551773.27018
270,20229.602301,1531150.68093
270,20229.652301,1475179.35058
270,20229.702301,1481276.77118
270,20229.752301,1562607.12834
270,20229.802301,1599327.94805
270,20229.852301,1569372.75187
270,20229.902301,1505394.68195
270,20229.952301,1451983.54175
270,20230.002301,1366305.85154
270,20230.052301,1427055.81231
270,20230.102301,1406177.62605
270,20230.152301,1455472.56732
270,20230.202301,1440830.47298
270,20230.252301,1434618.95586
270,20230.302301,1417369.36665
270,20230.352301,1425189.17035
270,20230.402301,1448025.98786
270,20230.452301,1502520.68667
270,20230.502301,1518866.81369
270,20230.552301,1501327.98551
270,20230.602301,1611159.99283
270,20230.652301,1558440.1443
270,20230.702301,1505545.07428
270,20230.752301,1534581.27646
270,20230.802301,1520810.42488
270,20230.852301,1528370.69552
270,20230.902301,1493437.34724
270,20230.952301,1439433.3434
270,20231.002301,1388177.11648
270,20231.052301,1395179.74756
270,20231.102301,1385508.00083
270,20231.152301,1359224.48306
270,20231.202301,1491367.41557
270,20231.252301,1471541.44472
270,20231.302301,1453975.47472
270,20231.352301,1420022.89127
270,20231.402301,1413773.80886
270,20231.452301,1461520.47303
270,20231.502301,1531773.35299
270,20231.552301,1579250.63986
270,20231.602301,1591283.59102
270,20231.652301,1550783.40051
270,20231.702301,1453999.20392
270,20231.752301,1533357.66223
270,20231.802301,1488215.81835
270,20231.852301,1492147.30562
270,20231.902301,1455071.82355
270,20231.952301,1451371.13358
270,20232.002301,1488720.05406
270,20232.052301,1543742.70707
270,20232.102301,1524472.91017
270,20232.152301,1446884.59067
270,20232.202301,1401626.79468
270,20232.252301,1384718.6923
270,20232.302301,1471629.92662
270,20232.352301,1401953.77767
270,20232.402301,1378770.50792
270,20232.452301,1354169.10546
270,20232.502301,1378264.10433
270,20232.552301,1363302.45395
270,20232.602301,1395719.61543
270,20232.652301,1399830.23872
270,20232.702301,1427775.64957
270,20232.752301,1462357.16901
270,20232.802301,1475179.40888
270,20232.852301,1638823.56001
270,20232.902301,1577576.25984
270,20232.952301,1510450.63088
270,20233.002301,1505636.37075
270,20233.052301,1542750.77208
270,20233.102301,1609367.33838
270,20233.152301,1563702.09549
270,20233.202301,1463998.04801
270,20233.252301,1449360.9633
270,20233.302301,1464046.05251
270,20233.352301,1451776.85618
270,20233.402301,1417205.43402
270,20233.452301,1497002.20837
270,20233.502301,1459904.9763
270,20233.552301,1460346.97678
270,20233.602301,1441329.42316
270,20233.652301,1428719.28848
270,20233.702301,1459346.48476
270,20233.752301,1512941.81276
270,20233.802301,1575471.21127
270,20233.852301,1537123.20125
270,20233.902301,1463519.45674
270,20233.952301,1332262.82252
270,20234.002301,1408351.95366
270,20234.052301,1433997.17135
270,20234.102301,1504905.98862
270,20234.152301,1490534.21095
270,20234.202301,1445183.27682
270,20234.252301,1460219.88227
270,20234.302301,1483717.07863
270,20234.352301,1530385.32968
270,20234.402301,1528439.46277
270,20234.452301,1555226.00751
270,20234.502301,1543678.99598
270,20234.552301,1502360.2384
270,20234.602301,1564322.44759
270,20234.652301,1508481.264
270,20234.702301,1506521.57777
270,20234.752301,1508527.07228
270,20234.802301,1476997.29939
270,20234.852301,1458973.09095
270,20234.902301,1486075.73186
270,20234.952301,1505078.65026
270,20235.002301,1483163.1091
270,20235.052301,1458431.17907
270,20235.102301,1465344.31376
270,20235.152301,1592960.89697
270,20235.202301,1526080.88159
270,20235.252301,1484198.58043
270,20235.302301,1512636.40977
270,20235.352301,1542611.84508
270,20235.402301,1520798.83908
270,20235.452301,1463759.5853
270,20235.502301,1362153.35196
270,20235.552301,1289839.37788
270,20235.602301,1340629.91158
270,20235.652301,1400379.63561
270,20235.702301,1395889.79603
270,20235.752301,1472316.22909
270,20235.802301,1425500.56912
270,20235.852301,1467840.34957
270,20235.902301,1463158.86042
270,20235.952301,1498612.27231
270,20236.002301,1511180.30795
270,20236.052301,1527976.54976
270,20236.102301,1527672.85054
270,20236.152301,1497455.98908
270,20236.202301,1459946.4587
270,20236.252301,1387421.99936
270,20236.302301,1481272.33769
270,20236.352301,1483636.46423
270,20236.402301,1466717.52694
270,20236.452301,1469979.56962
270,20236.502301,1513654.3976
270,20236.552301,1576870.3462
270,20236.602301,1607885.63565
270,20236.652301,1557066.74685
270,20236.702301,1566346.15096
270,20236.752301,1627028.57533
270,20236.802301,1617394.41688
270,20236.852301,1713826.15849
270,20236.902301,1669562.43282
270,20236.952301,1613951.3489
270,20237.002301,1615685.28833
270,20237.052301,1669939.09349
270,20237.102301,1632103.08273
270,20237.152301,1674993.68732
270,20237.202301,1655813.70874
270,20237.252301,1633770.85396
270,20237.302301,1658229.02499
270,20237.352301,1667960.849
270,20237.402301,1611643.87173
270,20237.452301,1648172.58163
270,20237.502301,1563114.94322
270,20237.552301,1566585.607
270,20237.602301,1549535.73035
270,20237.652301,1509596.55176
270,20237.702301,1442638.37536
270,20237.752301,1405383.05532
270,20237.802301,1396387.07583
270,20237.852301,1383802.72311
270,20237.902301,1421056.80924
270,20237.952301,1387168.9015
270,20238.002301,1468734.12931
270,20238.052301,1392825.04724
270,20238.102301,1364821.2455
270,20238.152301,1390394.46864
270,20238.202301,1408411.03673
270,20238.252301,1480332.02346
270,20238.302301,1521367.55131
270,20238.352301,1498549.2276
270,20238.402301,1484142.82191
270,20238.452301,1490273.16425
270,20238.502301,1499897.01656
270,20238.552301,1478896.99285
270,20238.602301,1572867.5434
270,20238.652301,1500687.81478
270,20238.702301,1471560.24191
270,20238.752301,1450535.67644
270,20238.802301,1482109.99078
270,20238.852301,1543551.28548
270,20238.902301,1591608.13334
270,20238.952301,1603911.3777
270,20239.002301,1573758.66909
270,20239.052301,1555693.49097
270,20239.102301,1563681.44459
270,20239.152301,1697214.63843
270,20239.202301,1645164.89719
270,20239.252301,1638038.43606
270,20239.302301,1661714.6705
270,20239.352301,1691302.12869
270,20239.402301,1745035.80429
270,20239.452301,1753023.3679
270,20239.502301,1749747.99485
270,20239.552301,1737031.61053
270,20239.602301,1762813.81762
270,20239.652301,1679778.09564
270,20239.702301,1577967.42962
270,20239.752301,1592409.81574
270,20239.802301,1518257.40115
270,20239.852301,1538169.15361
270,20239.902301,1522339.94015
270,20239.952301,1480552.25923
270,20240.002301,1488716.25773
270,20240.052301,1558759.29853
270,20240.102301,1600288.5568
270,20240.152301,1620126.99957
270,20240.202301,1590093.96173
270,20240.252301,1536091.51115
270,20240.302301,1567665.97151
270,20240.352301,1461521.7625
270,20240.402301,1396938.91672
270,20240.452301,1353589.12342
270,20240.502301,1392573.78225
270,20240.552301,1475058.30976
270,20240.602301,1560251.12846
270,20240.652301,1592398.41742
270,20240.702301,1616733.65548
270,20240.752301,1653741.25724
270,20240.802301,1628912.55219
270,20240.852301,1755534.36386
270,20240.902301,1648846.22563
270,20240.952301,1583156.69172
270,20241.002301,1598668.97272
270,20241.052301,1616075.21864
270,20241.102301,1648928.31223
270,20241.152301,1674016.67341
270,20241.202301,1641476.54365
270,20241.252301,1600060.99615
270,20241.302301,1624755.4408
270,20241.352301,1659933.14454
270,20241.402301,1627194.88448
270,20241.452301,1634950.64309
270,20241.502301,1597711.0745
270,20241.552301,1683915.36343
270,20241.602301,1718043.36977
270,20241.652301,1741950.67211
270,20241.702301,1750044.78506
270,20241.752301,1763787.75424
270,20241.802301,1756939.09289
270,20241.852301,1752781.62246
270,20241.902301,1750178.52678
270,20241.952301,1664055.08
270,20242.002301,1635660.02419
270,20242.052301,1557000.97794
270,20242.102301,1544103.55822
270,20242.152301,1573202.30837
270,20242.202301,1525743.99293
270,20242.252301,1515183.61735
270,20242.302301,1545549.79245
270,20242.352301,1588162.30837
270,20242.402301,1599707.26981
270,20242.452301,1624332.96889
270,20242.502301,1651418.21782
270,20242.552301,1649408.78017
270,20242.602301,1786065.70195
270,20242.652301,1703682.84315
270,20242.702301,1626173.61652
270,20242.752301,1555559.6257
270,20242.802301,1575582.16678
270,20242.852301,1629610.48145
270,20242.902301,1658802.89228
270,20242.952301,1706433.07586
270,20243.002301,1778659.45907
270,20243.052301,1820235.55347
270,20243.102301,1752074.6522
270,20243.152301,1871575.29528
270,20243.202301,1756067.90408
270,20243.252301,1710040.9076
270,20243.302301,1694514.33758
270,20243.352301,1704766.72758
270,20243.402301,1721446.77214
270,20243.452301,1714050.74071
270,20243.502301,1646653.43663
270,20243.552301,1641980.19865
270,20243.602301,1751916.7888
270,20243.652301,1801837.62209
270,20243.702301,1949679.58055
270,20243.752301,1883071.70334
270,20243.802301,1862828.9014
270,20243.852301,1851801.32603
270,20243.902301,1836770.39745
270,20243.952301,1812223.22426
270,20244.002301,1781389.90498
270,20244.052301,1691700.98858
270,20244.102301,1687141.40146
270,20244.152301,1716769.49069
270,20244.202301,1705744.02722
270,20244.252301,1685980.68703
270,20244.302301,1770962.54067
270,20244.352301,1759652.47346
270,20244.402301,1823297.45752
270,20244.452301,1848357.40176
270,20244.502301,1878462.64133
270,20244.552301,1857144.79831
270,20244.602301,1785174.18588
270,20244.652301,1767889.6409
270,20244.702301,1765827.21278
270,20244.752301,1731363.16434
270,20244.802301,1715436.75645
270,20244.852301,1832302.17059
270,20244.902301,1858717.4103
270,20244.952301,1924152.5258
270,20245.002301,1939242.73644
270,20245.052301,1912562.48747
270,20245.102301,1835505.01958
270,20245.152301,1780518.50028
270,20245.202301,1797001.11283
270,20245.252301,1837469.80551
270,20245.302301,1907510.78464
270,20245.352301,1885303.4812
270,20245.402301,1989546.83702
270,20245.452301,1815391.54045
270,20245.502301,1755521.29836
270,20245.552301,1735840.27413
270,20245.602301,1757628.06266
270,20245.652301,1798573.24683
270,20245.702301,1818026.98667
270,20245.752301,1785217.74201
270,20245.802301,1801297.4752
270,20245.852301,1881081.43259
270,20245.902301,1876554.43609
270,20245.952301,2037774.66513
270,20246.002301,1974999.75944
270,20246.052301,1906500.55793
270,20246.102301,1858869.46351
270,20246.152301,1840481.47889
270,20246.202301,1825979.38591
270,20246.252301,1862239.38634
270,20246.302301,1842967.54451
270,20246.352301,1840197.7462
270,20246.402301,1811256.87174
270,20246.452301,1778026.64598
270,20246.502301,1731187.01864
270,20246.552301,1919978.54119
270,20246.602301,1902556.95389
270,20246.652301,1958279.9811
270,20246.702301,1960085.26286
270,20246.752301,1963646.27594
270,20246.802301,1963088.13111
270,20246.852301,2000134.22877
270,20246.902301,1981092.35557
270,20246.952301,1911232.77392
270,20247.002301,1860120.72395
270,20247.052301,1778394.05288
270,20247.102301,1888421.31706
270,20247.152301,1877414.92973
270,20247.202301,1901533.72115
270,20247.252301,1867546.03413
270,20247.302301,1899989.01987
270,20247.352301,1938109.75502
270,20247.402301,1898646.04046
270,20247.452301,1867342.56656
270,20247.502301,1866384.48108
270,20247.552301,1864639.84053
270,20247.602301,1793876.70043
270,20247.652301,1909463.06371
270,20247.702301,1882395.4693
270,20247.752301,1911817.52012
270,20247.802301,1882880.26177
270,20247.852301,1908791.25126
270,20247.902301,1977526.54531
270,20247.952301,2039368.6405
270,20248.002301,2024969.04118
270,20248.052301,1979464.54642
270,20248.102301,1921829.39121
270,20248.152301,1858368.40962
270,20248.202301,1943189.77378
270,20248.252301,1879739.69508
270,20248.302301,1896179.74162
270,20248.352301,1857415.36121
270,20248.402301,1883593.39338
270,20248.452301,1919013.73847
270,20248.502301,2002985.42751
270,20248.552301,1962088.61226
270,20248.602301,1961051.0174
270,20248.652301,1988707.6575
270,20248.702301,1935010.33462
270,20248.752301,2052041.55158
270,20248.802301,1988889.6196
270,20248.852301,2006210.28366
270,20248.902301,2076208.07124
270,20248.952301,2132468.22936
270,20249.002301,2119476.2005
270,20249.052301,2137839.6112
270,20249.102301,2089381.80563
270,20249.152301,2000824.17354
270,20249.202301,2039774.39551
270,20249.252301,2016941.05369
270,20249.302301,2128425.98358
270,20249.352301,2098578.23927
270,20249.402301,2087758.97289
270,20249.452301,2065587.90901
270,20249.502301,2058254.44603
270,20249.552301,2052527.78553
270,20249.602301,1978245.81444
270,20249.652301,1854279.50959
270,20249.702301,1789154.55244
270,20249.752301,1839037.917
270,20249.802301,1837501.24388
270,20249.852301,2020965.94197
270,20249.902301,2028639.78324
270,20249.952301,2045505.00344
270,20250.002301,2033476.95135
270,20250.052301,2000914.06387
270,20250.102301,2032300.75908
270,20250.152301,2069857.95667
270,20250.202301,2057993.67628
270,20250.252301,2062598.65128
270,20250.302301,1981885.72889
270,20250.352301,1912060.73244
270,20250.402301,2090867.71224
270,20250.452301,2126843.23893
270,20250.502301,2184114.14974
270,20250.552301,2091818.33494
270,20250.602301,1992335.94221
270,20250.652301,1970915.4711
270,20250.702301,1973933.54533
270,20250.752301,1990066.87057
270,20250.802301,2092954.06292
270,20250.852301,2161210.10357
270,20250.902301,2123292.20463
270,20250.952301,2247377.56151
270,20251.002301,2174474.95256
270,20251.052301,2114832.14386
270,20251.102301,2148372.21916
270,20251.152301,2208473.62347
270,20251.202301,2174464.4728
270,20251.252301,2112242.77527
270,20251.302301,2044806.11914
270,20251.352301,2031878.22838
270,20251.402301,2101232.33166
270,20251.452301,2084016.39962
270,20251.502301,2199165.23431
270,20251.552301,2142706.46339
270,20251.602301,2143805.2131
270,20251.652301,2157000.78255
270,20251.702301,2082431.79033
270,20251.752301,2082892.06077
270,20251.802301,2097725.47311
270,20251.852301,2099153.38743
270,20251.902301,2072691.56672
270,20251.952301,2076750.47227
270,20252.002301,2074021.44345
270,20252.052301,2228200.89306
270,20252.102301,2179518.09656
270,20252.152301,2173666.19241
270,20252.202301,2116310.90088
270,20252.252301,2117074.21388
270,20252.302301,2141479.86084
270,20252.352301,2152376.08062
270,20252.402301,2197780.47429
270,20252.452301,2176394.77912
270,20252.502301,2095211.43159
270,20252.552301,2074234.3672
270,20252.602301,2276746.35501
270,20252.652301,2269591.87188
270,20252.702301,2297676.07463
270,20252.752301,2229510.34347
270,20252.802301,2147425.52796
270,20252.852301,2122751.70218
270,20252.902301,2118694.41285
270,20255.8336781,2094343.53307
270,20342.6901407,1467920.61902
270,20430.9823053,1416482.03484
270,20520.5483985,1195221.62918
270,20522.802301,685454.737195
270,20522.852301,654627.985796
270,20522.902301,523434.122226
270,20522.952301,608386.997829
270,20523.002301,946776.177023
270,20523.052301,1352182.573
270,20523.102301,1635356.91431
270,20523.152301,1715478.47929
270,20523.202301,1673127.87559
270,20523.252301,1547436.43407
270,20523.302301,1472007.39556
270,20523.352301,1356943.44377
270,20523.402301,1425506.06447
270,20523.452301,1381354.48241
270,20523.502301,1416759.60708
270,20523.552301,1481754.54706
270,20523.602301,1470887.3325
270,20523.652301,1454485.93752
270,20523.702301,1512965.22746
270,20523.752301,1575670.66431
270,20523.802301,1550607.2553
270,20523.852301,1581516.13341
270,20523.902301,1536443.80174
270,20523.952301,1554106.63732
270,20524.002301,1444767.54454
270,20524.052301,1472097.95926
270,20524.102301,1536573.1999
270,20524.152301,1565203.39541
270,20524.202301,1528597.08589
270,20524.252301,1458506.78261
270,20524.302301,1400345.26993
270,20524.352301,1361784.11719
270,20524.402301,1386420.8253
270,20524.452301,1390808.02833
270,20524.502301,1599623.89522
270,20524.552301,1576382.52794
270,20524.602301,1489305.23926
270,20524.652301,1367459.03626
270,20524.702301,1311161.20953
270,20524.752301,1318779.4281
270,20524.802301,1341963.10537
270,20524.852301,1296445.02408
270,20524.902301,1245844.02981
270,20524.952301,1138375.49237
270,20525.002301,988706.320271
270,20525.052301,969217.481342
270,20525.102301,969561.128226
270,20525.152301,1146938.81557
270,20525.202301,1260989.91355
270,20525.252301,1212896.99677
270,20525.302301,1156597.82726
270,20525.352301,1162677.31449
270,20525.402301,1211972.60369
270,20525.452301,1267535.60754
270,20525.502301,1298478.41311
270,20525.552301,1282763.42967
270,20525.602301,1360046.4652
270,20525.652301,1361895.23304
270,20525.702301,1422283.76312
270,20525.752301,1423089.57937
270,20525.802301,1414359.77616
270,20525.852301,1433853.52765
270,20525.902301,1380782.63831
270,20525.952301,1313925.95945
270,20526.002301,1311998.31374
270,20526.052301,1347908.9029
270,20526.102301,1335714.97805
270,20526.152301,1452733.8439
270,20526.202301,1420881.3066
270,20526.252301,1381511.26621
270,20526.302301,1312292.70805
270,20526.352301,1262769.58821
270,20526.402301,1257427.90061
270,20526.452301,1245974.21671
270,20526.502301,1249091.81054
270,20526.552301,1222541.97961
270,20526.602301,1181830.78817
270,20526.652301,1165551.59684
270,20526.702301,1293883.99394
270,20526.752301,1256400.33278
270,20526.802301,1235790.02779
270,20526.852301,1200771.73059
270,20526.902301,1174995.03868
270,20526.952301,1216900.79174
270,20527.002301,1207777.937
270,20527.052301,1152238.57625
270,20527.102301,1113370.63463
270,20527.152301,1132463.70355
270,20527.202301,1147655.79184
270,20527.252301,1238274.63606
270,20527.302301,1253405.63104
270,20527.352301,1288975.90667
270,20527.402301,1272896.65938
270,20527.452301,1244316.52117
270,20527.502301,1242994.11022
270,20527.552301,1249373.66999
270,20527.602301,1235061.22376
270,20527.652301,1239794.39834
270,20527.702301,1269126.30809
270,20527.752301,1213488.51073
270,20527.802301,1270257.14373
270,20527.852301,1265784.52214
270,20527.902301,1300799.01297
270,20527.952301,1346532.57394
270,20528.002301,1327708.91833
270,20528.052301,1295636.66564
270,20528.102301,1295128.97686
270,20528.152301,1300448.67633
270,20528.202301,1325421.14147
270,20528.252301,1368766.13637
270,20528.302301,1338234.25704
270,20528.352301,1274172.11342
270,20528.402301,1290814.58287
270,20528.452301,1197090.24378
270,20528.502301,1199681.9667
270,20528.552301,1206280.56727
270,20528.602301,1207544.7245
270,20528.652301,1256554.60196
270,20528.702301,1288629.6158
270,20528.752301,1265479.91402
270,20528.802301,1238121.0376
270,20528.852301,1251027.15003
270,20528.902301,1195309.63369
270,20528.952301,1219675.07259
270,20529.002301,1127235.0771
270,20529.052301,1123907.22919
270,20529.102301,1165500.38338
270,20529.152301,1165025.76661
270,20529.202301,1211568.89113
270,20529.252301,1255731.05534
270,20529.302301,1221376.58652
270,20529.352301,1205148.55467
270,20529.402301,1165817.55743
270,20529.452301,1088453.5263
270,20529.502301,1021073.91386
270,20529.552301,1102633.63587
270,20529.602301,1063682.80941
270,20529.652301,1113506.3583
270,20529.702301,1166995.43859
270,20529.752301,1231480.08833
270,20529.802301,1285686.25412
270,20529.852301,1319699.47053
270,20529.902301,1296137.86811
270,20529.952301,1271816.46614
270,20530.002301,1256668.54938
270,20530.052301,1197662.47229
270,20530.102301,1275965.86316
270,20530.152301,1219776.23156
270,20530.202301,1174211.33979
270,20530.252301,1186638.44061
270,20530.302301,1228759.22677
270,20530.352301,1231990.89715
270,20530.402301,1242618.23257
270,20530.452301,1232045.28858
270,20530.502301,1227769.90199
270,20530.552301,1242510.83113
270,20530.602301,1234033.71785
270,20530.652301,1193704.45552
270,20530.702301,1260845.93693
270,20530.752301,1183725.02474
270,20530.802301,1197009.61452
270,20530.852301,1219891.70357
270,20530.902301,1239576.7319
270,20530.952301,1226267.79934
270,20531.002301,1212331.54438
270,20531.052301,1157775.61992
270,20531.102301,1134203.92922
270,20531.152301,1187130.36416
270,20531.202301,1185853.50477
270,20531.252301,1153336.9692
270,20531.302301,1142042.33224
270,20531.352301,1096763.49338
270,20531.402301,1099858.68253
270,20531.452301,1093983.25427
270,20531.502301,1097348.0626
270,20531.552301,1131740.1296
270,20531.602301,1141603.41959
270,20531.652301,1144236.37714
270,20531.702301,1156771.78201
270,20531.752301,1171229.09935
270,20531.802301,1122991.57278
270,20531.852301,1164411.65686
270,20531.902301,1076197.82577
270,20531.952301,1064864.92297
270,20532.002301,1076570.68313
270,20532.052301,1106801.98136
270,20532.102301,1105664.84285
270,20532.152301,1130638.71728
270,20532.202301,1157668.76293
270,20532.252301,1162908.65641
270,20532.302301,1181781.95316
270,20532.352301,1152803.35762
270,20532.402301,1128930.04773
270,20532.452301,1237418.53942
270,20532.502301,1181788.61725
270,20532.552301,1174866.2865
270,20532.602301,1164838.36284
270,20532.652301,1164215.15442
270,20532.702301,1173066.74399
270,20532.752301,1210550.04041
270,20532.802301,1184090.67614
270,20532.852301,1156474.57672
270,20532.902301,1190830.97246
270,20532.952301,1198424.13808
270,20533.002301,1181018.17134
270,20533.052301,1284662.85346
270,20533.102301,1244720.42908
270,20533.152301,1360321.13327
270,20533.202301,1347630.68715
270,20533.252301,1301243.5333
270,20533.302301,1217716.77414
270,20533.352301,1154861.84464
270,20533.402301,1111924.73369
270,20533.452301,1118204.98622
270,20533.502301,1143311.84058
270,20533.552301,1110611.17843
270,20533.602301,1068325.88675
270,20533.652301,1094034.03985
270,20533.702301,1089485.09369
270,20533.752301,1128451.72526
270,20533.802301,1140650.46607
270,20533.852301,1165489.53135
270,20533.902301,1164413.55292
270,20533.952301,1088307.59027
270,20534.002301,1032141.99333
270,20534.052301,997333.83928
270,20534.102301,1037469.08709
270,20534.152301,1032851.91913
270,20534.202301,1078337.94297
270,20534.252301,1024259.38464
270,20534.302301,1014872.29073
270,20534.352301,1000505.54609
270,20534.402301,999128.599014
270,20534.452301,1028018.10613
270,20534.502301,1084913.30068
270,20534.552301,1133066.28333
270,20534.602301,1172760.5117
270,20534.652301,1165641.63582
270,20534.702301,1173722.96976
270,20534.752301,1170795.06886
270,20534.802301,1267264.45391
270,20534.852301,1221549.61347
270,20534.902301,1225674.37045
270,20534.952301,1198855.50479
270,20535.002301,1173762.44089
270,20535.052301,1156672.03905
270,20535.102301,1208644.84388
270,20535.152301,1230208.16515
270,20535.202301,1223689.47989
270,20535.252301,1267405.27861
270,20535.302301,1294232.10689
270,20535.352301,1282313.62766
270,20535.402301,1293732.16763
270,20535.452301,1239385.923
270,20535.502301,1251539.12968
270,20535.552301,1251047.56123
270,20535.602301,1278669.36658
270,20535.652301,1268472.77516
270,20535.702301,1254324.68579
270,20535.752301,1207479.10658
270,20535.802301,1193706.70963
270,20535.852301,1166539.06509
270,20535.902301,1154045.08696
270,20535.952301,1111923.97158
270,20536.002301,1134412.87024
270,20536.052301,1096387.17284
270,20536.102301,1107376.05722
270,20536.152301,1109689.00917
270,20536.202301,1137975.69212
270,20536.252301,1130104.72034
270,20536.302301,1083796.28456
270,20536.352301,1007951.53052
270,20536.402301,976725.009853
270,20536.452301,978940.563616
270,20536.502301,972921.800662
270,20536.552301,956934.631932
270,20536.602301,1014912.88863
270,20536.652301,958995.725175
270,20536.702301,967336.654345
270,20536.752301,974348.644077
270,20536.802301,1011716.79643
270,20536.852301,1065027.23853
270,20536.902301,1126505.94291
270,20536.952301,1200643.37748
270,20537.002301,1248447.99759
270,20537.052301,1273974.19982
270,20537.102301,1236246.89696
270,20537.152301,1269170.76822
270,20537.202301,1207297.70848
270,20537.252301,1185311.36005
270,20537.302301,1239232.80026
270,20537.352301,1229261.85831
270,20537.402301,1201133.80708
270,20537.452301,1193859.85858
270,20537.502301,1235205.5203
270,20537.552301,1253100.45408
270,20537.602301,1273465.81917
270,20537.652301,1294857.06762
270,20537.702301,1252632.09245
270,20537.752301,1370513.31375
270,20537.802301,1286874.88235
270,20537.852301,1222969.74089
270,20537.902301,1191490.38059
270,20537.952301,1161997.55877
270,20538.002301,1155182.07049
270,20538.052301,1137857.43222
270,20538.102301,1150036.04083
270,20538.152301,1164340.78745
270,20538.202301,1148075.11862
270,20538.252301,1138618.9946
270,20538.302301,1107055.73569
270,20538.352301,1162753.30887
270,20538.402301,1149250.39037
270,20538.452301,1129269.65877
270,20538.502301,1140408.14309
270,20538.552301,1089571.35291
270,20538.602301,1048510.1938
270,20538.652301,1026352.55252
270,20538.702301,1001825.62185
270,20538.752301,990410.596617
270,20538.802301,1001374.12256
270,20538.852301,1014465.39113
270,20538.902301,986623.706283
270,20538.952301,1077498.54219
270,20539.002301,1033727.86619
270,20539.052301,1006109.72125
270,20539.102301,1078567.48091
270,20539.152301,1116958.86888
270,20539.202301,1138052.06591
270,20539.252301,1131122.97935
270,20539.302301,1151572.44532
270,20539.352301,1242458.45823
270,20539.402301,1285989.69799
270,20539.452301,1279799.08898
270,20539.502301,1220011.66063
270,20539.552301,1196645.70126
270,20539.602301,1156896.61341
270,20539.652301,1161904.70327
270,20539.702301,1174284.44787
270,20539.752301,1197443.00248
270,20539.802301,1215347.21978
270,20539.852301,1265750.83239
270,20539.902301,1235016.3589
270,20539.952301,1215735.7762
270,20540.002301,1176345.59075
270,20540.052301,1144816.12752
270,20540.102301,1128505.3777
270,20540.152301,1229938.7624
270,20540.202301,1193889.7088
270,20540.252301,1178080.5471
270,20540.302301,1148513.18596
270,20540.352301,1092558.44511
270,20540.402301,1045504.36366
270,20540.452301,1024353.22086
270,20540.502301,1015702.53172
270,20540.552301,1069681.13929
270,20540.602301,1066060.43434
270,20540.652301,1057597.12986
270,20540.702301,1019000.24598
270,20540.752301,1084706.68761
270,20540.802301,1113898.67922
270,20540.852301,1155609.59441
270,20540.902301,1169097.80695
270,20540.952301,1138920.36606
270,20541.002301,1105311.32877
270,20541.052301,1094808.68892
270,20541.102301,1063704.06181
270,20541.152301,1050262.10851
270,20541.202301,1065404.30896
270,20541.252301,1100414.13656
270,20541.302301,1075472.02713
270,20541.352301,1118975.0974
270,20541.402301,1073942.12441
270,20541.452301,1131031.66868
270,20541.502301,1171245.9887
270,20541.552301,1150258.1367
270,20541.602301,1153347.01862
270,20541.652301,1152360.48667
270,20541.702301,1164990.28633
270,20541.752301,1202145.16054
270,20541.802301,1205455.99906
270,20541.852301,1201844.78841
270,20541.902301,1153594.22605
270,20541.952301,1207200.64129
270,20542.002301,1157646.49696
270,20542.052301,1113559.25748
270,20542.102301,1076636.99069
270,20542.152301,1121422.83216
270,20542.202301,1130491.56291
270,20542.252301,1154563.83192
270,20542.302301,1130476.91574
270,20542.352301,1105693.42154
270,20542.402301,1105706.90667
270,20542.452301,1090763.67554
270,20542.502301,1071081.19926
270,20542.552301,1150285.29693
270,20542.602301,1088629.59537
270,20542.652301,1040929.45219
270,20542.702301,981138.467422
270,20542.752301,951832.446931
270,20542.802301,972597.99528
270,20542.852301,968093.012229
270,20542.902301,965305.338674
270,20542.952301,999884.825649
270,20543.002301,1025320.72364
270,20543.052301,1035002.08121
270,20543.102301,1035588.6582
270,20543.152301,1096101.31178
270,20543.202301,1103577.41837
270,20543.252301,1140035.02792
270,20543.302301,1157703.166
270,20543.352301,1155648.82288
270,20543.402301,1150616.34314
270,20543.452301,1161119.73299
270,20543.502301,1160950.14908
270,20543.552301,1144044.62095
270,20543.602301,1181167.45971
270,20543.652301,1170897.22311
270,20543.702301,1138923.97003
270,20543.752301,1155411.82731
270,20543.802301,1116855.59389
270,20543.852301,1120312.81795
270,20543.902301,1107629.17942
270,20543.952301,1093688.95474
270,20544.002301,1092042.54726
270,20544.052301,1105079.984
270,20544.102301,1139363.41872
270,20544.152301,1131012.25459
270,20544.202301,1126198.1773
270,20544.252301,1129839.96831
270,20544.302301,1121987.02711
270,20544.352301,1207368.39212
270,20544.402301,1153842.02039
270,20544.452301,1142639.17943
270,20544.502301,1093083.3186
270,20544.552301,1074672.29039
270,20544.602301,1077071.29214
270,20544.652301,1088777.75573
270,20544.702301,1066495.35951
270,20544.752301,1033990.60716
270,20544.802301,1008528.2128
270,20544.852301,992694.142105
270,20544.902301,966544.435911
270,20544.952301,989793.845527
270,20545.002301,911207.79145
270,20545.052301,887254.634072
270,20545.102301,913126.258836
270,20545.152301,948394.268105
270,20545.202301,1019639.00369
270,20545.252301,1034689.46461
270,20545.302301,1013010.27538
270,20545.352301,1012814.79003
270,20545.402301,1052906.60381
270,20545.452301,1093182.70344
270,20545.502301,1078446.6538
270,20545.552301,1092380.40924
270,20545.602301,1050440.81206
270,20545.652301,1041252.34727
270,20545.702301,1087977.37913
270,20545.752301,1088345.12249
270,20545.802301,1096353.16991
270,20545.852301,1111360.2767
270,20545.902301,1136404.87989
270,20545.952301,1183249.16867
270,20546.002301,1199322.86057
270,20546.052301,1158022.48789
270,20546.102301,1081813.99599
270,20546.152301,1107443.31131
270,20546.202301,1045919.05912
270,20546.252301,1014508.09155
270,20546.302301,1015665.22526
270,20546.352301,1050213.26915
270,20546.402301,1052968.90921
270,20546.452301,1053052.1345
270,20546.502301,1062804.91161
270,20546.552301,1083169.23397
270,20546.602301,1077756.14385
270,20546.652301,1063371.22622
270,20546.702301,1055417.5327
270,20546.752301,1118386.27294
270,20546.802301,1074044.59316
270,20546.852301,1052152.25811
270,20546.902301,1060154.27815
270,20546.952301,1041675.6681
270,20547.002301,1061648.75698
270,20547.052301,1095982.46718
270,20547.102301,1092868.96874
270,20547.152301,1052675.80206
270,20547.202301,984236.77604
270,20547.252301,945650.383948
270,20547.302301,927794.881256
270,20547.352301,976709.018637
270,20547.402301,918434.830787
270,20547.452301,943089.846948
270,20547.502301,1010621.32615
270,20547.552301,1053017.01336
270,20547.602301,1104388.69458
270,20547.652301,1139155.20158
270,20547.702301,1089555.27942
270,20547.752301,1069250.35676
270,20547.802301,1053271.92805
270,20547.852301,1098544.49276
270,20547.902301,1053203.67907
270,20547.952301,1055338.94066
270,20548.002301,1016505.76224
270,20548.052301,985978.391
270,20548.102301,1018188.69865
270,20548.152301,1056474.96329
270,20548.202301,1078513.40808
270,20548.252301,1072495.19403
270,20548.302301,1055159.37815
270,20548.352301,1065460.63501
270,20548.402301,1077296.19614
270,20548.452301,1087432.12856
270,20548.502301,1030633.3757
270,20548.552301,1097176.42728
270,20548.602301,1034557.07761
270,20548.652301,984562.589039
270,20548.702301,976349.346597
270,20548.752301,995469.086082
270,20548.802301,1017152.91884
270,20548.852301,1020794.92051
270,20548.902301,1000669.24048
270,20548.952301,1022356.14849
270,20549.002301,1046288.48854
270,20549.052301,1039540.39661
270,20549.102301,1006411.26054
270,20549.152301,1081625.92861
270,20549.202301,1008310.99441
270,20549.252301,988232.267658
270,20549.302301,998464.927169
270,20549.352301,993977.134066
270,20549.402301,977120.048338
270,20549.452301,1035400.76455
270,20549.502301,1060406.0174
270,20549.552301,1057790.0207
270,20549.602301,975810.95929
270,20549.652301,944418.338354
270,20549.702301,961201.050133
270,20549.752301,1152327.9675
270,20549.802301,1169695.46282
270,20549.852301,1177947.30361
270,20549.902301,1183606.54791
270,20549.952301,1164058.1902
270,20550.002301,1111597.36953
270,20550.052301,1105164.31022
270,20550.102301,1119795.70413
270,20550.152301,1111719.41098
270,20550.202301,1073590.693
270,20550.252301,1036642.96523
270,20550.302301,1022049.29419
270,20550.352301,1021493.15231
270,20550.402301,1098576.26347
270,20550.452301,1104164.61982
270,20550.502301,1154845.59125
270,20550.552301,1093648.26257
270,20550.602301,1034524.95365
270,20550.652301,1034127.83074
270,20550.702301,1063723.73517
270,20550.752301,1083485.37072
270,20550.802301,1097597.18498
270,20550.852301,1120066.73282
270,20550.902301,1083489.91287
270,20550.952301,1051206.215
270,20551.002301,1147605.16074
270,20551.052301,1085300.72507
270,20551.102301,1064714.22845
270,20551.152301,1073746.56593
270,20551.202301,1102513.43494
270,20551.252301,1105871.36428
270,20551.302301,1089891.69006
270,20551.352301,1071317.6995
270,20551.402301,1049737.07267
270,20551.452301,1050127.31887
270,20551.502301,1016087.94845
270,20551.552301,981115.835764
270,20551.602301,1061603.29641
270,20551.652301,1043758.07241
270,20551.702301,1087320.5054
270,20551.752301,1057766.67877
270,20551.802301,1005261.5557
270,20551.852301,986989.3504
270,20551.902301,1046276.51179
270,20551.952301,1051928.44451
270,20552.002301,1073589.62301
270,20552.052301,1057522.31791
270,20552.102301,1067100.84049
270,20552.152301,1065582.77832
270,20552.202301,1168851.50326
270,20552.252301,1121621.54381
270,20552.302301,1103753.69991
270,20552.352301,1065488.43204
270,20552.402301,1078869.66349
270,20552.452301,1099135.26237
270,20552.502301,1146133.16895
270,20552.552301,1155852.22718
270,20552.602301,1154667.77627
270,20552.652301,1155107.86611
270,20552.702301,1178586.15441
270,20552.752301,1141409.02746
270,20552.802301,1226462.90861
276,19022.802301,3583733.44255
276,19118.2044171,1530797.69913
276,19202.656803,1357710.90777
276,19289.5765568,1213163.26563
276,19378.6993353,1331696.37759
276,19467.6252475,1425794.52662
276,19556.7942783,902900.847017
276,19645.0632807,1210608.65743
276,19730.0563274,1091085.02983
276,19821.2972004,1525245.1458
276,19908.8648088,1237679.33236
276,19995.511518,971221.244441
276,20082.9744531,1289997.26361
276,20168.6578783,1135001.00125
276,20259.5232509,2151939.80643
276,20346.5264035,1424294.98257
276,20434.1592146,1299442.09893
276,20521.7866353,1114312.29176
276,20522.802301,1051495.47527
276,20522.8900203,828814.637649
276,20522.977712,595902.251101
276,20523.0656184,773714.055213
276,20523.1534647,870361.24868
276,20523.2411357,827970.917625
276,20523.329011,835077.161332
276,20523.4168867,739604.32942
276,20523.5046042,750810.043771
276,20523.5925412,787630.369189
276,20523.6806535,910193.910575
276,20523.768608,1446999.12291
276,20523.8567755,1694891.12572
276,20523.9452429,1599164.26783
276,20524.0335623,1535723.22899
276,20524.1220873,1585454.83902
276,20524.2110285,1569410.56666
276,20524.2998281,1492197.18224
276,20524.3888115,1381927.89328
276,20524.4780566,1446324.26209
276,20524.5667921,1621745.3051
276,20524.6554706,1473461.92813
276,20524.7445609,1380779.62624
276,20524.8331254,1399629.28799
276,20524.921426,1258110.01363
276,20525.0097549,1106012.5056
276,20525.0983003,891417.873011
276,20525.1861952,891482.714624
276,20525.2736448,1034539.47074
276,20525.3610447,1070246.9464
276,20525.4488093,1065766.19123
276,20525.5367447,1191293.48788
276,20525.6243402,1243131.81435
276,20525.7118292,1255095.45254
276,20525.7996081,1349439.48077
276,20525.8865039,1322147.91128
276,20525.9729202,1194139.76795
276,20526.0593097,1091280.54348
276,20526.1461196,1120600.91273
276,20526.232816,1258240.6794
276,20526.3191205,1231976.37164
276,20526.4055113,1162714.65179
276,20526.492455,1187600.53345
276,20526.579954,1144486.15682
276,20526.6671444,1080109.64068
276,20526.7540964,1080610.73517
276,20526.840666,1148430.84607
276,20526.9271204,1102590.05027
276,20527.0135248,1114656.8144
276,20527.0999268,1120157.19972
276,20527.1859523,1065021.85154
276,20527.2718854,1101581.83808
276,20527.3577365,1128882.38774
276,20527.4439241,1134707.68716
276,20527.5301187,1148460.36626
276,20527.6161109,1126256.8015
276,20527.702076,1100802.90205
276,20527.7881794,1226731.4311
276,20527.8737407,1117551.92879
276,20527.958645,1142605.73927
276,20528.0432448,1206146.95698
276,20528.1279132,1194475.65397
276,20528.2127137,1228728.91175
276,20528.2969453,1265787.39571
276,20528.3809762,1218016.76697
276,20528.4651941,1180750.17306
276,20528.5495906,1117312.85465
276,20528.6334929,1168134.54465
276,20528.7171652,1225216.26293
276,20528.8009083,1224402.0266
276,20528.8842781,1143703.66687
276,20528.9672529,1175342.87602
276,20529.0501065,1118154.00279
276,20529.1331403,1094000.40702
276,20529.2165523,1122301.28651
276,20529.2996906,1137971.41697
276,20529.3828298,1168206.48557
276,20529.4662678,1148896.19848
276,20529.5503203,1133419.17594
276,20529.6344654,1007932.40137
276,20529.7187253,1055486.36935
276,20529.8033911,1100690.85423
276,20529.8881869,1113920.67564
276,20529.9723607,1149612.12388
276,20530.0562097,1245504.12337
276,20530.1400709,1182172.47832
276,20530.224313,1195425.91135
276,20530.3081293,1116593.45626
276,20530.391792,1162287.43817
276,20530.4756424,1186029.17826
276,20530.5600494,1162357.33245
276,20530.6442855,1110012.7592
276,20530.7285232,1090897.71129
276,20530.8131016,1163116.48895
276,20530.8983834,1101892.51754
276,20530.9836375,1111187.08281
276,20531.0690334,1156740.47522
276,20531.1549052,1130075.97645
276,20531.2416072,1061412.15336
276,20531.3283093,1130527.21835
276,20531.4151578,1063505.94842
276,20531.5024689,1008331.92544
276,20531.589652,1075827.83999
276,20531.6768373,1110750.60811
276,20531.7643207,1113210.5052
276,20531.852402,1117731.46342
276,20531.9403724,1038036.04322
276,20532.0284854,1075909.74176
276,20532.1170169,1015012.46046
276,20532.2056753,970099.790777
276,20532.2942366,1064345.65223
276,20532.3828491,1143750.84682
276,20532.4715744,1265041.2775
276,20532.5598326,1152666.42438
276,20532.6478172,1158009.05868
276,20532.7357436,1165197.45337
276,20532.8238466,1149423.16387
276,20532.9123812,1152365.13112
276,20533.0008333,1123185.95889
276,20533.0893716,1092783.76864
276,20533.1778304,1173534.09978
276,20533.2659698,1244699.48268
276,20533.3540255,1236350.93996
276,20533.4422462,1172825.9594
276,20533.530894,1066838.77701
276,20533.6200092,1100055.46346
276,20533.709178,1073982.17673
276,20533.7986572,1050567.61481
276,20533.8878088,1072300.14845
276,20533.9768372,1103820.33379
276,20534.0659948,1105480.69049
276,20534.1555409,1045696.93614
276,20534.2457415,1069935.87331
276,20534.3361474,939876.999663
276,20534.4268033,959542.529894
276,20534.5174187,948481.576677
276,20534.6078175,1032289.57581
276,20534.6983187,1109254.97269
276,20534.7888527,1233889.10075
276,20534.879049,1208485.81788
276,20534.9693669,1251937.17834
276,20535.0597897,1202774.96268
276,20535.1498518,1151852.42216
276,20535.2399976,1129128.48677
276,20535.3305604,1153558.82394
276,20535.4207329,1215169.43444
276,20535.5109433,1226058.21749
276,20535.6016406,1197195.56176
276,20535.6920596,1229568.7912
276,20535.7824837,1221711.66822
276,20535.8733442,1177205.60206
276,20535.9642224,1160660.69333
276,20536.0550789,1138414.94153
276,20536.1463236,1088237.92834
276,20536.2378217,1046628.89478
276,20536.3292923,1059578.63362
276,20536.421122,1046541.59256
276,20536.5133861,979988.012563
276,20536.6056371,948807.623723
276,20536.6982351,911897.257604
276,20536.791398,916337.60485
276,20536.88454,916561.040014
276,20536.9777842,1011946.56083
276,20537.0710945,1095261.19215
276,20537.1642459,1251032.51439
276,20537.2574862,1297985.14477
276,20537.3506322,1258581.75344
276,20537.4433673,1168960.83988
276,20537.5360861,1196522.15337
276,20537.6288581,1220218.38478
276,20537.7212084,1183245.47869
276,20537.8135351,1117850.30854
276,20537.9062514,1157714.40543
276,20537.9986883,1137039.63197
276,20538.0911178,1108465.55579
276,20538.1839495,1107992.46132
276,20538.2766281,1073233.33962
276,20538.3693995,1067561.89335
276,20538.4617038,1037613.71239
276,20538.5536691,1076154.9785
276,20538.6456937,1063162.46376
276,20538.7377055,1057213.2109
276,20538.8293664,1000145.00162
276,20538.9210751,992506.299275
276,20539.013167,1011047.00203
276,20539.1049203,951821.59277
276,20539.1967309,1032418.18674
276,20539.2890054,1040616.28318
276,20539.3811327,1089875.96269
276,20539.4730815,1103148.61603
276,20539.5652163,1221290.63009
276,20539.6572057,1217637.08167
276,20539.748999,1144386.40622
276,20539.8409466,1110039.1142
276,20539.9327344,1155348.56725
276,20540.0244783,1202878.30798
276,20540.1165773,1106458.5503
276,20540.2083687,1079588.30863
276,20540.3001293,1022004.60536
276,20540.3918061,1050018.00744
276,20540.4830818,1055110.47564
276,20540.5743041,989553.615612
276,20540.6658342,953713.163672
276,20540.7569711,965318.301348
276,20540.848051,963319.07195
276,20540.9394225,958331.81916
276,20541.0307321,1084327.21769
276,20541.1219996,1119995.45831
276,20541.2135575,1090188.65909
276,20541.305249,1064242.18103
276,20541.3970062,1103425.43167
276,20541.4888147,1173180.09718
276,20541.5803389,1097451.20658
276,20541.6716965,1081938.89488
276,20541.763226,1063896.64812
276,20541.8544363,1080496.17785
276,20541.9454607,1113315.01059
276,20542.0361239,1218241.73914
276,20542.1266085,1146081.98097
276,20542.217241,1088677.47222
276,20542.3073344,1036174.64546
276,20542.3972369,1024757.57716
276,20542.4873079,1047226.9754
276,20542.5771694,1044441.06661
276,20542.6668519,972249.459784
276,20542.7567061,1035892.76919
276,20542.8466874,963061.199845
276,20542.9365186,868380.599691
276,20543.0265381,887082.457082
276,20543.1169633,918835.659081
276,20543.2070245,961264.419336
276,20543.2970704,987724.185249
276,20543.3871808,1072150.81092
276,20543.4769321,1131050.36061
276,20543.5666922,1092061.81692
276,20543.6568066,1119392.9059
276,20543.7466071,1122606.03726
276,20543.836446,1180888.21595
276,20543.9259205,1110564.64578
276,20544.0150068,1063417.88026
276,20544.1040901,1033868.95633
276,20544.1926954,1032602.22402
276,20544.2808824,1024079.73436
276,20544.3690325,1029915.78657
276,20544.4571694,1091455.34048
276,20544.5448862,1036719.91148
276,20544.6325591,1092200.96942
276,20544.7205738,1010563.92558
276,20544.8082115,997462.904741
276,20544.895813,997339.074604
276,20544.9837496,953551.89325
276,20545.0717123,883039.511473
276,20545.1596719,909460.195665
276,20545.2479834,825173.358239
276,20545.336596,855729.540661
276,20545.4252395,956361.51564
276,20545.5140238,1005709.55962
276,20545.602312,974977.612716
276,20545.6903465,1096313.13487
276,20545.7784568,1082694.39275
276,20545.8664255,994120.731198
276,20545.9541272,1040353.38729
276,20546.0418838,1009576.52465
276,20546.1299462,1087432.44322
276,20546.217742,1161018.74431
276,20546.3055842,1130881.91152
276,20546.3937964,1014759.28733
276,20546.4819753,944910.368916
276,20546.5701983,943506.108391
276,20546.6587736,958347.805193
276,20546.7476698,971839.433731
276,20546.8366122,1072283.82913
276,20546.9256894,1017586.87044
276,20547.0146315,1091159.87651
276,20547.1036569,978098.273605
276,20547.1928106,961870.853241
276,20547.281807,998827.090788
276,20547.3708564,1041179.1795
276,20547.4601809,908703.403116
276,20547.549435,870404.279268
276,20547.6387195,937446.988068
276,20547.7279278,970194.566068
276,20547.8168323,1053732.9618
276,20547.9056856,1130436.0706
276,20547.9943479,1080065.70082
276,20548.08293,1058356.3506
276,20548.1716407,1020573.82088
276,20548.2600983,969002.731275
276,20548.3484453,1005713.89157
276,20548.4368864,1016789.5612
276,20548.5253046,1036014.06028
276,20548.6135832,1057072.87378
276,20548.701921,1076011.11582
276,20548.7898276,914662.578183
276,20548.8775361,964137.990221
276,20548.9653059,934235.728035
276,20549.0529235,948035.274847
276,20549.140332,971525.665411
276,20549.2277844,988116.054772
276,20549.3151203,1071097.68479
276,20549.4022692,956898.637382
276,20549.4894807,976211.741018
276,20549.5770188,951472.202673
276,20549.6645488,950853.758015
276,20549.752155,1029861.8307
276,20549.8400892,996161.841628
276,20549.9281572,907403.272367
276,20550.0163579,1064922.46852
276,20550.1049292,1074847.59613
276,20550.1940034,1078726.11878
276,20550.2832388,1106876.36581
276,20550.372253,1156401.62005
276,20550.4609495,1095457.53261
276,20550.5494526,1094243.50603
276,20550.6380042,1165378.56605
276,20550.7267875,1095647.32366
276,20550.8153964,996714.5965
276,20550.9040735,964881.487111
276,20550.9925505,1044056.3307
276,20551.0808431,1072772.52951
276,20551.1691966,1120402.72682
276,20551.2578622,1136162.75457
276,20551.346677,1032529.94481
276,20551.4355851,1036659.74952
276,20551.5246919,1080297.09995
276,20551.6136446,1010061.48182
276,20551.702687,1061796.81069
276,20551.792062,1000209.8077
276,20551.8818688,1076603.35493
276,20551.9717929,1026311.49876
276,20552.0620729,1009833.15593
276,20552.1519551,984549.858836
276,20552.2417602,1055112.07371
276,20552.3318288,1049058.01536
276,20552.4216788,1118563.3331
276,20552.5114658,1030224.05063
276,20552.6015347,1017690.59852
276,20552.6916141,1062082.92348
276,20552.7816412,1119177.41994
276,20552.8719611,1090335.17279
276,20552.9623759,1160406.43599
276,20553.0526755,1078542.84092
276,20553.1430126,1083565.428
276,20553.2332991,1061698.14666
276,20553.3234867,1058786.5267
276,20553.4138943,1135684.18322
276,20553.5043235,1156912.38268
276,20553.5946716,1156736.08662
276,20553.6847188,1041521.38967
276,20553.7747865,1008579.50702
276,20553.8652117,1017417.64411
276,20553.9557286,1008182.1418
276,20554.0462868,982747.337431
276,20554.1367515,1118484.0258
276,20554.2268684,1141979.02646
276,20554.316977,1213326.27426
276,20554.4073309,1174570.14451
276,20554.4975052,1163954.14345
276,20554.5878415,1156257.62908
276,20554.6782059,1123870.58228
276,20554.7684279,1088975.99727
276,20554.8588449,1086509.7459
276,20554.9493976,1021502.42894
276,20555.0398499,1003062.69523
282,19022.802301,3509816.30127
282,19119.3613502,1354291.95944
282,19202.6849981,1398437.32975
282,19288.3483121,1113108.70682
282,19376.8124692,1506541.98356
282,19467.1399757,1254563.8616
282,19556.0635049,1174896.96326
282,19644.0339762,971344.615871
282,19729.4821425,1059884.17596
282,19817.9831137,1582980.99285
282,19902.1671758,1351566.27053
282,19989.4719201,1104642.54674
282,20076.1913928,1243682.72527
282,20163.034917,1007666.24035
282,20222.852301,1510125.60148
282,20222.902301,1440219.64413
282,20222.952301,1175087.60915
282,20223.002301,951546.132441
282,20223.052301,1020212.68195
282,20223.102301,1077080.32514
282,20223.152301,1099068.65196
282,20223.202301,934658.459154
282,20223.252301,907338.029825
282,20223.302301,945548.521861
282,20223.352301,929583.71425
282,20223.402301,867907.893101
282,20223.452301,820787.136867
282,20223.502301,836598.42465
282,20223.552301,991475.522688
282,20223.602301,1209581.47544
282,20223.652301,1461528.10563
282,20223.702301,1639329.62569
282,20223.752301,1698166.47179
282,20223.802301,1724527.89862
282,20223.852301,1746792.86496
282,20223.902301,1687491.47525
282,20223.952301,1727475.13973
282,20224.002301,1698289.85059
282,20224.052301,1716626.00496
282,20224.102301,1712182.89659
282,20224.152301,1679553.40442
282,20224.202301,1647387.79129
282,20224.252301,1699629.67003
282,20224.302301,1700966.08513
282,20224.352301,1686231.34634
282,20224.402301,1749148.66868
282,20224.452301,1921980.30155
282,20224.502301,1919962.99811
282,20224.552301,2027478.23743
282,20224.602301,1933416.45633
282,20224.652301,1969039.33704
282,20224.702301,2003802.44611
282,20224.752301,1982719.09676
282,20224.802301,1930989.17378
282,20224.852301,1892139.89721
282,20224.902301,1869642.58903
282,20224.952301,1839046.95819
282,20225.002301,1822638.59391
282,20225.052301,1757225.71532
282,20225.102301,1851556.91751
282,20225.152301,1708177.73758
282,20225.202301,1597277.71892
282,20225.252301,1576616.44024
282,20225.302301,1724099.76611
282,20225.352301,1661571.91916
282,20225.402301,1595489.81153
282,20225.452301,1534337.75384
282,20225.502301,1433875.10164
282,20225.552301,1386322.18863
282,20225.602301,1344409.58024
282,20225.652301,1371797.15216
282,20225.702301,1367141.85628
282,20225.752301,1356162.63852
282,20225.802301,1341640.47803
282,20225.852301,1360640.52523
282,20225.902301,1385984.26328
282,20225.952301,1406979.03547
282,20226.002301,1375053.16571
282,20226.052301,1330460.49215
282,20226.102301,1375884.73658
282,20226.152301,1432225.01854
282,20226.202301,1466740.93289
282,20226.252301,1479018.00622
282,20226.302301,1449649.00542
282,20226.352301,1412061.71722
282,20226.402301,1406537.73172
282,20226.452301,1384648.06669
282,20226.502301,1372615.69127
282,20226.552301,1432107.45747
282,20226.602301,1548498.42871
282,20226.652301,1575796.06483
282,20226.702301,1539106.46218
282,20226.752301,1591079.88876
282,20226.802301,1515050.62225
282,20226.852301,1545223.44741
282,20226.902301,1576731.25783
282,20226.952301,1608553.43191
282,20227.002301,1610260.36328
282,20227.052301,1633866.77574
282,20227.102301,1642443.75468
282,20227.152301,1634585.48684
282,20227.202301,1606786.85318
282,20227.252301,1546992.07948
282,20227.302301,1643326.67846
282,20227.352301,1581582.17075
282,20227.402301,1587088.07666
282,20227.452301,1581972.82097
282,20227.502301,1659658.5035
282,20227.552301,1584537.84972
282,20227.602301,1576978.11077
282,20227.652301,1531050.70495
282,20227.702301,1449357.76107
282,20227.752301,1399708.186
282,20227.802301,1391667.10644
282,20227.852301,1461423.19446
282,20227.902301,1481860.9426
282,20227.952301,1471757.67115
282,20228.002301,1473384.45631
282,20228.052301,1441882.67277
282,20228.102301,1424248.01924
282,20228.152301,1445389.34314
282,20228.202301,1410304.96823
282,20228.252301,1374167.89882
282,20228.302301,1387177.71204
282,20228.352301,1414010.56546
282,20228.402301,1386685.19621
282,20228.452301,1444227.2974
282,20228.502301,1429589.21314
282,20228.552301,1389174.21361
282,20228.602301,1341457.70025
282,20228.652301,1318618.41537
282,20228.702301,1337410.57103
282,20228.752301,1370668.63371
282,20228.802301,1392718.25554
282,20228.852301,1419065.55923
282,20228.902301,1418745.9112
282,20228.952301,1548431.07714
282,20229.002301,1505400.36285
282,20229.052301,1547705.91901
282,20229.102301,1564795.16546
282,20229.152301,1529189.7913
282,20229.202301,1506527.91999
282,20229.252301,1506259.63416
282,20229.302301,1528548.24231
282,20229.352301,1557264.25689
282,20229.402301,1536014.72416
282,20229.452301,1460845.40033
282,20229.502301,1496597.6868
282,20229.552301,1471439.8357
282,20229.602301,1397181.38095
282,20229.652301,1372112.31899
282,20229.702301,1443009.90448
282,20229.752301,1623559.71671
282,20229.802301,1565068.07075
282,20229.852301,1479664.08739
282,20229.902301,1408299.19037
282,20229.952301,1395962.9008
282,20230.002301,1405620.8942
282,20230.052301,1435679.42241
282,20230.102301,1406349.15078
282,20230.152301,1377494.54752
282,20230.202301,1368429.22619
282,20230.252301,1392769.20747
282,20230.302301,1409056.23048
282,20230.352301,1418045.22047
282,20230.402301,1406875.80056
282,20230.452301,1378945.74347
282,20230.502301,1337104.83854
282,20230.552301,1390747.20139
282,20230.602301,1496734.31034
282,20230.652301,1509051.67027
282,20230.702301,1500300.19771
282,20230.752301,1439355.29444
282,20230.802301,1455104.02523
282,20230.852301,1439765.48859
282,20230.902301,1375180.42978
282,20230.952301,1337650.46713
282,20231.002301,1307240.5155
282,20231.052301,1327929.32341
282,20231.102301,1365915.72859
282,20231.152301,1311265.47684
282,20231.202301,1429597.06507
282,20231.252301,1402656.69129
282,20231.302301,1388766.70759
282,20231.352301,1405639.19205
282,20231.402301,1401171.83342
282,20231.452301,1391953.43096
282,20231.502301,1424261.1361
282,20231.552301,1487942.2028
282,20231.602301,1497290.88239
282,20231.652301,1464039.06054
282,20231.702301,1380876.28441
282,20231.752301,1296225.8363
282,20231.802301,1425177.52993
282,20231.852301,1421813.96888
282,20231.902301,1420271.03737
282,20231.952301,1376345.04197
282,20232.002301,1511344.74979
282,20232.052301,1515499.28701
282,20232.102301,1453317.90622
282,20232.152301,1346610.44341
282,20232.202301,1343359.32279
282,20232.252301,1366275.17092
282,20232.302301,1343114.86903
282,20232.352301,1300962.29058
282,20232.402301,1300828.66047
282,20232.452301,1336255.169
282,20232.502301,1362698.7422
282,20232.552301,1381479.9518
282,20232.602301,1363984.78914
282,20232.652301,1386516.72901
282,20232.702301,1375363.3819
282,20232.752301,1402981.99787
282,20232.802301,1385586.21145
282,20232.852301,1459806.38568
282,20232.902301,1413051.51406
282,20232.952301,1400942.44493
282,20233.002301,1476121.41698
282,20233.052301,1507393.52789
282,20233.102301,1563519.7273
282,20233.152301,1532259.50823
282,20233.202301,1452041.14619
282,20233.252301,1387266.65066
282,20233.302301,1363144.63774
282,20233.352301,1381426.00505
282,20233.402301,1365451.75955
282,20233.452301,1330105.84904
282,20233.502301,1416901.91477
282,20233.552301,1353500.34653
282,20233.602301,1347047.38779
282,20233.652301,1336832.54398
282,20233.702301,1385534.21111
282,20233.752301,1425481.78415
282,20233.802301,1468173.414
282,20233.852301,1473457.8255
282,20233.902301,1420938.57822
282,20233.952301,1385759.04934
282,20234.002301,1322199.36053
282,20234.052301,1351253.30495
282,20234.102301,1444274.36299
282,20234.152301,1412003.33528
282,20234.202301,1368863.43941
282,20234.252301,1351294.34582
282,20234.302301,1458697.54931
282,20234.352301,1409516.96864
282,20234.402301,1411153.73434
282,20234.452301,1440720.46448
282,20234.502301,1459557.16228
282,20234.552301,1474770.61626
282,20234.602301,1462857.72849
282,20234.652301,1468070.09661
282,20234.702301,1480844.68103
282,20234.752301,1492000.46464
282,20234.802301,1470893.67772
282,20234.852301,1413280.1578
282,20234.902301,1393175.65223
282,20234.952301,1411735.56485
282,20235.002301,1437434.58543
282,20235.052301,1431235.91676
282,20235.102301,1396131.89479
282,20235.152301,1446840.3034
282,20235.202301,1397452.27455
282,20235.252301,1376731.84513
282,20235.302301,1362906.70504
282,20235.352301,1378509.01473
282,20235.402301,1407590.00883
282,20235.452301,1405610.06826
282,20235.502301,1343292.32699
282,20235.552301,1293478.33872
282,20235.602301,1300982.27713
282,20235.652301,1370074.97411
282,20235.702301,1434576.47284
282,20235.752301,1419980.93666
282,20235.802301,1463673.7414
282,20235.852301,1358888.08428
282,20235.902301,1390314.69069
282,20235.952301,1365763.82023
282,20236.002301,1385931.90935
282,20236.052301,1374657.01779
282,20236.102301,1383424.49446
282,20236.152301,1400978.00616
282,20236.202301,1405525.04828
282,20236.252301,1405776.35855
282,20236.302301,1344594.45397
282,20236.352301,1344159.73942
282,20236.402301,1443041.81096
282,20236.452301,1416148.8809
282,20236.502301,1368403.16292
282,20236.552301,1358969.9413
282,20236.602301,1528343.87342
282,20236.652301,1511610.94882
282,20236.702301,1499505.16694
282,20236.752301,1492554.26858
282,20236.802301,1545607.84967
282,20236.852301,1634332.30761
282,20236.902301,1656517.49069
282,20236.952301,1674828.58208
282,20237.002301,1660198.33079
282,20237.052301,1636199.76915
282,20237.102301,1698479.04055
282,20237.152301,1672159.78133
282,20237.202301,1622399.54514
282,20237.252301,1571034.44926
282,20237.302301,1503031.26368
282,20237.352301,1509951.38152
282,20237.402301,1441140.016
282,20237.452301,1515128.91519
282,20237.502301,1450542.92571
282,20237.552301,1389563.12196
282,20237.602301,1409036.07615
282,20237.652301,1421772.36761
282,20237.702301,1424574.59981
282,20237.752301,1404019.70962
282,20237.802301,1338837.54288
282,20237.852301,1317038.16044
282,20237.902301,1318568.7442
282,20237.952301,1357818.55307
282,20238.002301,1374999.60984
282,20238.052301,1367047.01353
282,20238.102301,1469322.8934
282,20238.152301,1418580.29414
282,20238.202301,1431715.74876
282,20238.252301,1418721.90816
282,20238.302301,1399655.37269
282,20238.352301,1417825.31508
282,20238.402301,1421167.75399
282,20238.452301,1422781.87047
282,20238.502301,1456151.75627
282,20238.552301,1500024.58422
282,20238.602301,1448911.85929
282,20238.652301,1345744.98258
282,20238.702301,1430969.35182
282,20238.752301,1378677.49903
282,20238.802301,1366571.23964
282,20238.852301,1376588.72183
282,20238.902301,1518134.93538
282,20238.952301,1578725.95361
282,20239.002301,1601992.80883
282,20239.052301,1577104.8147
282,20239.102301,1555923.43659
282,20239.152301,1533908.35568
282,20239.202301,1574590.9545
282,20239.252301,1668943.21057
282,20239.302301,1681158.28041
282,20239.352301,1674892.04134
282,20239.402301,1621241.55565
282,20239.452301,1596433.30452
282,20239.502301,1674905.3323
282,20239.552301,1712494.25455
282,20239.602301,1637490.04028
282,20239.652301,1564349.76234
282,20239.702301,1474913.28544
282,20239.752301,1496670.56858
282,20239.802301,1439775.92396
282,20239.852301,1363984.27914
282,20239.902301,1399639.16384
282,20239.952301,1431227.02547
282,20240.002301,1420092.74091
282,20240.052301,1450844.00803
282,20240.102301,1524707.28719
282,20240.152301,1565974.75048
282,20240.202301,1544921.38831
282,20240.252301,1535648.04247
282,20240.302301,1508653.45534
282,20240.352301,1473768.98511
282,20240.402301,1538510.42229
282,20240.452301,1425120.45927
282,20240.502301,1381998.27086
282,20240.552301,1368056.13029
282,20240.602301,1404623.28607
282,20240.652301,1460475.81222
282,20240.702301,1494702.54187
282,20240.752301,1539260.81387
282,20240.802301,1532811.45998
282,20240.852301,1507871.79841
282,20240.902301,1474150.79715
282,20240.952301,1439898.24946
282,20241.002301,1658918.50028
282,20241.052301,1636015.71613
282,20241.102301,1625332.5179
282,20241.152301,1648087.41089
282,20241.202301,1759061.08641
282,20241.252301,1737026.16076
282,20241.302301,1690134.39412
282,20241.352301,1674529.72966
282,20241.402301,1682650.74849
282,20241.452301,1653141.25752
282,20241.502301,1619560.10999
282,20241.552301,1606195.73119
282,20241.602301,1618037.70011
282,20241.652301,1659671.6707
282,20241.702301,1638075.40474
282,20241.752301,1632385.13814
282,20241.802301,1609040.37644
282,20241.852301,1637333.94002
282,20241.902301,1618452.71454
282,20241.952301,1570191.60472
282,20242.002301,1516880.36815
282,20242.052301,1491775.90218
282,20242.102301,1462100.14446
282,20242.152301,1460312.0865
282,20242.202301,1531437.14559
282,20242.252301,1517812.36713
282,20242.302301,1501451.73451
282,20242.352301,1536797.61167
282,20242.402301,1595922.50283
282,20242.452301,1653118.94959
282,20242.502301,1629769.74876
282,20242.552301,1642079.68071
282,20242.602301,1635464.54214
282,20242.652301,1652216.52319
282,20242.702301,1768159.38289
282,20242.752301,1671231.06005
282,20242.802301,1630662.95377
282,20242.852301,1567173.29047
282,20242.902301,1614291.06653
282,20242.952301,1635827.24936
282,20243.002301,1633241.37974
282,20243.052301,1659227.30944
282,20243.102301,1622136.51267
282,20243.152301,1643297.92771
282,20243.202301,1600753.64535
282,20243.252301,1590327.58316
282,20243.302301,1743576.06336
282,20243.352301,1714690.98887
282,20243.402301,1753418.37449
282,20243.452301,1713775.96329
282,20243.502301,1813751.55186
282,20243.552301,1751136.48982
282,20243.602301,1736852.74443
282,20243.652301,1740200.06569
282,20243.702301,1706390.55348
282,20243.752301,1723000.37866
282,20243.802301,1760724.17021
282,20243.852301,1838685.30586
282,20243.902301,1797611.3787
282,20243.952301,1754838.84503
282,20244.002301,1749253.12614
282,20244.052301,1700602.40026
282,20244.102301,1609313.44416
282,20244.152301,1602810.11717
282,20244.202301,1631287.23176
282,20244.252301,1653358.062
282,20244.302301,1633527.80966
282,20244.352301,1657439.19354
282,20244.402301,1634679.20428
282,20244.452301,1736152.94025
282,20244.502301,1746247.52159
282,20244.552301,1757757.84698
282,20244.602301,1753643.09932
282,20244.652301,1712473.88582
282,20244.702301,1675236.45522
282,20244.752301,1678588.24212
282,20244.802301,1655241.32658
282,20244.852301,1698625.69711
282,20244.902301,1696381.07
282,20244.952301,1830754.13413
282,20245.002301,1802587.59675
282,20245.052301,1780094.6939
282,20245.102301,1819718.76347
282,20245.152301,1817419.78563
282,20245.202301,1822913.30237
282,20245.252301,1781318.23077
282,20245.302301,1787747.19445
282,20245.352301,1783806.93624
282,20245.402301,1840845.31498
282,20245.452301,1838129.01546
282,20245.502301,1746647.75325
282,20245.552301,1764088.59469
282,20245.602301,1642448.78083
282,20245.652301,1650061.2742
282,20245.702301,1703898.69303
282,20245.752301,1884479.25584
282,20245.802301,1900521.38219
282,20245.852301,1899175.7707
282,20245.902301,1867974.69562
282,20245.952301,1881009.7741
282,20246.002301,1874964.46146
282,20246.052301,1837739.09391
282,20246.102301,1871150.03865
282,20246.152301,1871986.77906
282,20246.202301,1915121.38251
282,20246.252301,1900833.23278
282,20246.302301,1847033.85586
282,20246.352301,1781296.46605
282,20246.402301,1771926.98466
282,20246.452301,1751788.95031
282,20246.502301,1784574.45354
282,20246.552301,1748860.91477
282,20246.602301,1888698.41933
282,20246.652301,1817482.45747
282,20246.702301,1761948.29566
282,20246.752301,1761255.59069
282,20246.802301,1801405.26608
282,20246.852301,1796131.24312
282,20246.902301,1826820.46878
282,20246.952301,1877068.62058
282,20247.002301,1905800.90465
282,20247.052301,1869858.08749
282,20247.102301,1865604.93591
282,20247.152301,1836333.86312
282,20247.202301,1774686.60983
282,20247.252301,1915254.63972
282,20247.302301,1898950.01287
282,20247.352301,1904323.80014
282,20247.402301,1848883.4587
282,20247.452301,1822215.25486
282,20247.502301,1801224.43374
282,20247.552301,1757317.78002
282,20247.602301,1744411.1236
282,20247.652301,1797996.89252
282,20247.702301,1825033.57388
282,20247.752301,1776350.5982
282,20247.802301,1856794.62658
282,20247.852301,1812044.16811
282,20247.902301,1766047.80049
282,20247.952301,1761215.95444
282,20248.002301,1977696.17489
282,20248.052301,1999088.24163
282,20248.102301,2041430.6155
282,20248.152301,2032321.26669
282,20248.202301,1965744.16285
282,20248.252301,1885913.11584
282,20248.302301,1889106.98118
282,20248.352301,1928312.00483
282,20248.402301,1962169.62814
282,20248.452301,1885639.8956
282,20248.502301,1878217.71345
282,20248.552301,1860894.81418
282,20248.602301,1870610.09885
282,20248.652301,1871385.73487
282,20248.702301,1871247.19992
282,20248.752301,1906731.87864
282,20248.802301,1884856.63923
282,20248.852301,1949645.77262
282,20248.902301,1876103.33112
282,20248.952301,1921374.05965
282,20249.002301,1931360.17288
282,20249.052301,1944719.64406
282,20249.102301,1916999.19277
282,20249.152301,1953055.59232
282,20249.202301,1993745.65259
282,20249.252301,1987280.13591
282,20249.302301,1949333.79031
282,20249.352301,2002190.66049
282,20249.402301,1958343.29772
282,20249.452301,2103265.4753
282,20249.502301,2051375.48292
282,20249.552301,2043236.14232
282,20249.602301,2040685.44132
282,20249.652301,2041179.66999
282,20249.702301,2018187.2921
282,20249.752301,1979744.58472
282,20249.802301,1894931.31393
282,20249.852301,1881262.31734
282,20249.902301,1923237.31081
282,20249.952301,1903074.78541
282,20250.002301,1885000.84233
282,20250.052301,1988368.5547
282,20250.102301,2029352.86624
282,20250.152301,2027187.54689
282,20250.202301,2011613.6947
282,20250.252301,2131920.22181
282,20250.302301,2098163.53471
282,20250.352301,2116896.85743
282,20250.402301,2082920.32119
282,20250.452301,1984841.6026
282,20250.502301,1979441.30649
282,20250.552301,2017824.40246
282,20250.602301,2078315.09322
282,20250.652301,2088218.29022
282,20250.702301,2027749.46796
282,20250.752301,1937475.43972
282,20250.802301,1897774.7401
282,20250.852301,1898922.52931
282,20250.902301,1918894.71352
282,20250.952301,2038079.98368
282,20251.002301,2041767.5249
282,20251.052301,2147339.51697
282,20251.102301,2147521.1159
282,20251.152301,2149715.87576
282,20251.202301,2145671.08424
282,20251.252301,2098402.53282
282,20251.302301,2039057.54212
282,20251.352301,2028337.55484
282,20251.402301,1970807.07415
282,20251.452301,1937444.19786
282,20251.502301,1971495.26312
282,20251.552301,2070094.59594
282,20251.602301,2121090.23499
282,20251.652301,2257107.88464
282,20251.702301,2136787.84782
282,20251.752301,2071823.27494
282,20251.802301,2113507.81291
282,20251.852301,2101141.49819
282,20251.902301,2060806.01164
282,20251.952301,2044353.20027
282,20252.002301,2090086.84957
282,20252.052301,2171267.3227
282,20252.102301,2226868.24251
282,20252.152301,2187447.58423
282,20252.202301,2128543.89311
282,20252.252301,2215429.5935
282,20252.302301,2140160.89328
282,20252.352301,2104617.06861
282,20252.402301,2099643.20182
282,20252.452301,2328074.16393
282,20252.502301,2297548.75523
282,20252.552301,2239044.21567
282,20252.602301,2236267.10772
282,20252.652301,2148924.04681
282,20252.702301,2187871.41044
282,20252.752301,2260079.17794
282,20252.802301,2180607.61381
282,20252.852301,2166653.13315
282,20252.902301,2143429.00329
285,19611.852301,1072117.85698
285,19697.2317757,1080236.53727
285,19785.7592785,1201739.82574
285,19876.1866489,1594999.64697
285,19962.7569917,947105.735915
285,20050.1162413,1373380.72091
285,20138.5924628,1119375.14011
285,20222.852301,1500544.05993
285,20222.902301,1447135.85674
285,20222.952301,1166448.73785
285,20223.002301,955300.735882
285,20223.052301,1024498.30981
285,20223.102301,1151176.77131
285,20223.152301,1032824.16756
285,20223.202301,886319.879038
285,20223.252301,898704.270205
285,20223.302301,950414.257297
285,20223.352301,921696.628629
285,20223.402301,868444.241843
285,20223.452301,839147.351354
285,20223.502301,866437.997691
285,20223.552301,1011045.78986
285,20223.602301,1206079.19118
285,20223.652301,1451740.27594
285,20223.702301,1612638.65764
285,20223.752301,1662538.47158
285,20223.802301,1687164.79885
285,20223.852301,1711965.46795
285,20223.902301,1677067.12375
285,20223.952301,1704937.49734
285,20224.002301,1672360.74386
285,20224.052301,1711771.81469
285,20224.102301,1688631.04551
285,20224.152301,1652075.18859
285,20224.202301,1639633.11254
285,20224.252301,1672286.94012
285,20224.302301,1674557.22725
285,20224.352301,1675841.3567
285,20224.402301,1735926.75891
285,20224.452301,1912159.36066
285,20224.502301,1907789.34186
285,20224.552301,1962673.58719
285,20224.602301,1858040.3965
285,20224.652301,1897451.25323
285,20224.702301,1934346.75136
285,20224.752301,1953883.31726
285,20224.802301,1883840.26773
285,20224.852301,1842215.09963
285,20224.902301,1825476.31936
285,20224.952301,1779115.45895
285,20225.002301,1790882.61439
285,20225.052301,1736039.55264
285,20225.102301,1779127.79377
285,20225.152301,1632068.61628
285,20225.202301,1556638.91193
285,20225.252301,1641141.47493
285,20225.302301,1674075.76617
285,20225.352301,1586784.78876
285,20225.402301,1531712.26519
285,20225.452301,1450641.35804
285,20225.502301,1349551.31986
285,20225.552301,1290973.52465
285,20225.602301,1291721.55675
285,20225.652301,1340020.49431
285,20225.702301,1332868.95009
285,20225.752301,1305704.1311
285,20225.802301,1276889.83524
285,20225.852301,1297200.27421
285,20225.902301,1333901.18699
285,20225.952301,1381176.79788
285,20226.002301,1366063.15595
285,20226.052301,1337212.00785
285,20226.102301,1405765.34617
285,20226.152301,1407884.59683
285,20226.202301,1467820.61632
285,20226.252301,1437799.87609
285,20226.302301,1393472.03492
285,20226.352301,1347940.69518
285,20226.402301,1367971.78027
285,20226.452301,1378940.25137
285,20226.502301,1406698.70922
285,20226.552301,1466254.08094
285,20226.602301,1546537.21271
285,20226.652301,1561380.13378
285,20226.702301,1498332.94585
285,20226.752301,1548222.59109
285,20226.802301,1481793.69157
285,20226.852301,1515561.27554
285,20226.902301,1541536.11543
285,20226.952301,1579455.77493
285,20227.002301,1615455.14496
285,20227.052301,1638534.27289
285,20227.102301,1627348.58415
285,20227.152301,1635850.71578
285,20227.202301,1611114.15152
285,20227.252301,1542818.47244
285,20227.302301,1589877.80988
285,20227.352301,1555942.37652
285,20227.402301,1596500.43459
285,20227.452301,1684211.41868
285,20227.502301,1589245.61804
285,20227.552301,1472686.15828
285,20227.602301,1463622.69048
285,20227.652301,1440650.36908
285,20227.702301,1385259.3395
285,20227.752301,1323799.84465
285,20227.802301,1368075.41081
285,20227.852301,1456639.44285
285,20227.902301,1473401.60873
285,20227.952301,1453087.32668
285,20228.002301,1433303.78124
285,20228.052301,1384772.98782
285,20228.102301,1384339.54169
285,20228.152301,1412234.49847
285,20228.202301,1381270.4159
285,20228.252301,1358409.91769
285,20228.302301,1381604.32798
285,20228.352301,1383453.97439
285,20228.402301,1347901.85106
285,20228.452301,1420033.81123
285,20228.502301,1399970.38125
285,20228.552301,1329096.75745
285,20228.602301,1292890.10454
285,20228.652301,1277001.80531
285,20228.702301,1300398.15369
285,20228.752301,1344273.36168
285,20228.802301,1357053.98811
285,20228.852301,1418915.41887
285,20228.902301,1411169.89999
285,20228.952301,1499749.95697
285,20229.002301,1464448.77225
285,20229.052301,1489105.97738
285,20229.102301,1519893.28131
285,20229.152301,1492125.28004
285,20229.202301,1471045.53392
285,20229.252301,1488849.86014
285,20229.302301,1514825.91198
285,20229.352301,1524394.92087
285,20229.402301,1504406.5655
285,20229.452301,1468619.80107
285,20229.502301,1397355.85255
285,20229.552301,1476709.15353
285,20229.602301,1365860.78901
285,20229.652301,1338931.40167
285,20229.702301,1518036.64022
285,20229.752301,1563535.59125
285,20229.802301,1485392.00462
285,20229.852301,1399566.6704
285,20229.902301,1328749.20554
285,20229.952301,1342186.64362
285,20230.002301,1362076.96249
285,20230.052301,1372796.23156
285,20230.102301,1369728.1683
285,20230.152301,1371053.25363
285,20230.202301,1361462.55267
285,20230.252301,1374574.11629
285,20230.302301,1375717.99734
285,20230.352301,1393725.56022
285,20230.402301,1399396.9886
285,20230.452301,1365981.96945
285,20230.502301,1344031.16818
285,20230.552301,1370430.27332
285,20230.602301,1425718.174
285,20230.652301,1432750.4229
285,20230.702301,1468288.82273
285,20230.752301,1421524.34651
285,20230.802301,1413924.9313
285,20230.852301,1416960.42421
285,20230.902301,1340080.76651
285,20230.952301,1303248.33412
285,20231.002301,1298343.90735
285,20231.052301,1313272.49806
285,20231.102301,1352855.22756
285,20231.152301,1310989.10331
285,20231.202301,1373093.61745
285,20231.252301,1349914.90488
285,20231.302301,1313855.02575
285,20231.352301,1345375.85744
285,20231.402301,1379210.87754
285,20231.452301,1392393.67917
285,20231.502301,1432737.0386
285,20231.552301,1502051.49852
285,20231.602301,1484984.95862
285,20231.652301,1443298.42637
285,20231.702301,1370756.35334
285,20231.752301,1292575.61543
285,20231.802301,1378809.22325
285,20231.852301,1410160.97264
285,20231.902301,1399777.42782
285,20231.952301,1356468.51944
285,20232.002301,1465351.03129
285,20232.052301,1443988.46075
285,20232.102301,1409881.71947
285,20232.152301,1331251.4615
285,20232.202301,1291188.91498
285,20232.252301,1295997.99157
285,20232.302301,1302607.57038
285,20232.352301,1308748.28965
285,20232.402301,1276124.19956
285,20232.452301,1293534.57414
285,20232.502301,1325582.30652
285,20232.552301,1369535.40478
285,20232.602301,1378900.35978
285,20232.652301,1367248.99734
285,20232.702301,1360817.02523
285,20232.752301,1366144.12425
285,20232.802301,1357668.99772
285,20232.852301,1433817.64108
285,20232.902301,1388776.49626
285,20232.952301,1356397.2554
285,20233.002301,1402922.62402
285,20233.052301,1437054.87233
285,20233.102301,1505518.37866
285,20233.152301,1506296.45107
285,20233.202301,1439328.08069
285,20233.252301,1370894.11684
285,20233.302301,1357733.10529
285,20233.352301,1356027.19541
285,20233.402301,1391231.72528
285,20233.452301,1308515.19538
285,20233.502301,1379573.15081
285,20233.552301,1314244.37506
285,20233.602301,1268133.53988
285,20233.652301,1290793.73755
285,20233.702301,1339399.56962
285,20233.752301,1391809.19887
285,20233.802301,1426952.12687
285,20233.852301,1453591.26735
285,20233.902301,1418223.17864
285,20233.952301,1366681.80158
285,20234.002301,1347316.21457
285,20234.052301,1307497.06658
285,20234.102301,1382446.2915
285,20234.152301,1375877.52857
285,20234.202301,1357801.18358
285,20234.252301,1341721.28096
285,20234.302301,1438054.78174
285,20234.352301,1391240.53049
285,20234.402301,1387012.34436
285,20234.452301,1409457.82146
285,20234.502301,1419173.31314
285,20234.552301,1421517.86388
285,20234.602301,1430719.6897
285,20234.652301,1439059.46344
285,20234.702301,1414638.7729
285,20234.752301,1455988.44743
285,20234.802301,1439294.22982
285,20234.852301,1409509.66662
285,20234.902301,1370189.31497
285,20234.952301,1376935.56799
285,20235.002301,1374571.33487
285,20235.052301,1388171.69327
285,20235.102301,1379424.40627
285,20235.152301,1416587.3249
285,20235.202301,1371116.64567
285,20235.252301,1336018.42617
285,20235.302301,1349467.56114
285,20235.352301,1317725.34853
285,20235.402301,1353864.19143
285,20235.452301,1350335.02194
285,20235.502301,1327061.69625
285,20235.552301,1291989.46512
285,20235.602301,1281832.00032
285,20235.652301,1328214.70618
285,20235.702301,1419054.01534
285,20235.752301,1398516.23092
285,20235.802301,1430526.67348
285,20235.852301,1332433.11252
285,20235.902301,1289010.02987
285,20235.952301,1328356.24713
285,20236.002301,1329796.99778
285,20236.052301,1355758.12048
285,20236.102301,1347900.3841
285,20236.152301,1372071.97513
285,20236.202301,1394708.90349
285,20236.252301,1400601.36841
285,20236.302301,1393102.39886
285,20236.352301,1335617.25278
285,20236.402301,1372448.34012
285,20236.452301,1396109.45719
285,20236.502301,1370567.4429
285,20236.552301,1369119.50853
285,20236.602301,1464281.75571
285,20236.652301,1509484.84792
285,20236.702301,1486722.69107
285,20236.752301,1468976.74416
285,20236.802301,1485950.61018
285,20236.852301,1546858.69372
285,20236.902301,1589831.63616
285,20236.952301,1628705.41824
285,20237.002301,1600374.30065
285,20237.052301,1541307.22162
285,20237.102301,1575376.24145
285,20237.152301,1661831.77645
285,20237.202301,1598619.94779
285,20237.252301,1569505.26394
285,20237.302301,1500472.57647
285,20237.352301,1495841.8644
285,20237.402301,1466302.15758
285,20237.452301,1452622.87096
285,20237.502301,1479608.78139
285,20237.552301,1393868.5135
285,20237.602301,1353224.75878
285,20237.652301,1344219.26849
285,20237.702301,1381245.22623
285,20237.752301,1370993.15729
285,20237.802301,1340900.94475
285,20237.852301,1288049.15199
285,20237.902301,1275234.17687
285,20237.952301,1284113.43025
285,20238.002301,1347752.01884
285,20238.052301,1377214.51616
285,20238.102301,1340491.77377
285,20238.152301,1411193.41562
285,20238.202301,1361574.87482
285,20238.252301,1386746.4875
285,20238.302301,1371550.94564
285,20238.352301,1385480.79792
285,20238.402301,1421935.79705
285,20238.452301,1426962.74434
285,20238.502301,1422955.02538
285,20238.552301,1464097.88521
285,20238.602301,1481218.07146
285,20238.652301,1409566.64026
285,20238.702301,1309984.66347
285,20238.752301,1390801.79383
285,20238.802301,1363514.63655
285,20238.852301,1405648.08549
285,20238.902301,1524485.57482
285,20238.952301,1560049.01966
285,20239.002301,1609227.55478
285,20239.052301,1595145.27452
285,20239.102301,1520005.15957
285,20239.152301,1478405.67017
285,20239.202301,1448359.63332
285,20239.252301,1518555.60747
285,20239.302301,1645209.30081
285,20239.352301,1668179.24304
285,20239.402301,1633156.25982
285,20239.452301,1568730.98767
285,20239.502301,1521189.29816
285,20239.552301,1601498.05766
285,20239.602301,1611754.97578
285,20239.652301,1588534.19138
285,20239.702301,1501590.30511
285,20239.752301,1438463.77007
285,20239.802301,1467937.2848
285,20239.852301,1424781.48718
285,20239.902301,1360383.12697
285,20239.952301,1353855.37896
285,20240.002301,1356007.53831
285,20240.052301,1343085.79662
285,20240.102301,1396628.82896
285,20240.152301,1483688.43079
285,20240.202301,1522504.36017
285,20240.252301,1501732.83036
285,20240.302301,1520967.18006
285,20240.352301,1505011.31828
285,20240.402301,1433890.72061
285,20240.452301,1447507.5549
285,20240.502301,1353452.74125
285,20240.552301,1335718.08322
285,20240.602301,1345092.01179
285,20240.652301,1407122.00417
285,20240.702301,1464618.05569
285,20240.752301,1507324.22981
285,20240.802301,1525791.00173
285,20240.852301,1520243.07156
285,20240.902301,1495950.07151
285,20240.952301,1467964.7588
285,20241.002301,1420510.77125
285,20241.052301,1614211.20131
285,20241.102301,1622119.73766
285,20241.152301,1615873.39034
285,20241.202301,1754582.14889
285,20241.252301,1752569.79571
285,20241.302301,1722975.02206
285,20241.352301,1684757.19252
285,20241.402301,1650697.93327
285,20241.452301,1642337.3702
285,20241.502301,1588600.49624
285,20241.552301,1562555.68609
285,20241.602301,1580190.19193
285,20241.652301,1610888.4388
285,20241.702301,1646806.93406
285,20241.752301,1630965.56528
285,20241.802301,1634098.65546
285,20241.852301,1606793.61767
285,20241.902301,1610910.28968
285,20241.952301,1616618.38096
285,20242.002301,1573280.40104
285,20242.052301,1523665.74198
285,20242.102301,1473721.65691
285,20242.152301,1429663.94604
285,20242.202301,1454159.57746
285,20242.252301,1498572.89641
285,20242.302301,1457183.42421
285,20242.352301,1423103.80397
285,20242.402301,1472528.65667
285,20242.452301,1550923.05474
285,20242.502301,1615694.73099
285,20242.552301,1614254.17335
285,20242.602301,1646664.2225
285,20242.652301,1667530.28665
285,20242.702301,1619057.21111
285,20242.752301,1667882.87478
285,20242.802301,1578364.15615
285,20242.852301,1541541.55087
285,20242.902301,1526658.57204
285,20242.952301,1555502.62889
285,20243.002301,1617913.56682
285,20243.052301,1624746.37372
285,20243.102301,1626567.96251
285,20243.152301,1608081.52158
285,20243.202301,1594597.20742
285,20243.252301,1581167.92994
285,20243.302301,1526227.44095
285,20243.352301,1678524.32675
285,20243.402301,1643455.75462
285,20243.452301,1697787.68274
285,20243.502301,1822428.64088
285,20243.552301,1822469.31239
285,20243.602301,1763761.79822
285,20243.652301,1697261.77815
285,20243.702301,1646235.94126
285,20243.752301,1619589.6968
285,20243.802301,1600271.61296
285,20243.852301,1691580.06456
285,20243.902301,1791882.46116
285,20243.952301,1802748.76236
285,20244.002301,1762056.35858
285,20244.052301,1697168.2403
285,20244.102301,1661083.32352
285,20244.152301,1567773.4542
285,20244.202301,1572591.87843
285,20244.252301,1599918.98889
285,20244.302301,1651238.9353
285,20244.352301,1639822.59287
285,20244.402301,1648186.30518
285,20244.452301,1628480.37328
285,20244.502301,1714649.51449
285,20244.552301,1722869.23467
285,20244.602301,1697802.58387
285,20244.652301,1683275.8846
285,20244.702301,1673445.5865
285,20244.752301,1644675.32692
285,20244.802301,1651065.02335
285,20244.852301,1642759.97802
285,20244.902301,1683952.66331
285,20244.952301,1720544.59138
285,20245.002301,1710192.73562
285,20245.052301,1761080.84683
285,20245.102301,1704703.79234
285,20245.152301,1730735.48356
285,20245.202301,1749813.91924
285,20245.252301,1787553.77233
285,20245.302301,1772487.69167
285,20245.352301,1755902.10664
285,20245.402301,1750234.2957
285,20245.452301,1785712.16974
285,20245.502301,1805156.81435
285,20245.552301,1763215.81881
285,20245.602301,1722361.00285
285,20245.652301,1646218.18334
285,20245.702301,1621141.167
285,20245.752301,1681077.26093
285,20245.802301,1837019.07895
285,20245.852301,1850993.48472
285,20245.902301,1859546.22504
285,20245.952301,1805794.59323
285,20246.002301,1828738.43247
285,20246.052301,1839201.2753
285,20246.102301,1813681.64682
285,20246.152301,1839287.96797
285,20246.202301,1841685.94816
285,20246.252301,1878189.33884
285,20246.302301,1869308.49428
285,20246.352301,1816419.97688
285,20246.402301,1761717.29203
285,20246.452301,1734800.14032
285,20246.502301,1768890.82989
285,20246.552301,1794005.61591
285,20246.602301,1746417.02623
285,20246.652301,1876377.07271
285,20246.702301,1802089.07694
285,20246.752301,1739709.37954
285,20246.802301,1722877.91505
285,20246.852301,1689984.92268
285,20246.902301,1734775.51863
285,20246.952301,1739007.1123
285,20247.002301,1802646.55432
285,20247.052301,1851837.61313
285,20247.102301,1872554.12847
285,20247.152301,1864345.9279
285,20247.202301,1867357.5698
285,20247.252301,1774652.54449
285,20247.302301,1818433.90431
285,20247.352301,1811133.77767
285,20247.402301,1821370.68585
285,20247.452301,1810821.04944
285,20247.502301,1810056.75633
285,20247.552301,1785134.02831
285,20247.602301,1762449.15013
285,20247.652301,1738112.05559
285,20247.702301,1783643.07604
285,20247.752301,1891356.48956
285,20247.802301,1856172.4632
285,20247.852301,1806788.93443
285,20247.902301,1811524.29212
285,20247.952301,1743411.01346
285,20248.002301,1737058.11465
285,20248.052301,1946256.7027
285,20248.102301,1979086.81117
285,20248.152301,2007002.61695
285,20248.202301,2020332.53112
285,20248.252301,1948638.72206
285,20248.302301,1851316.4372
285,20248.352301,1801111.97596
285,20248.402301,1842049.92097
285,20248.452301,1886365.41372
285,20248.502301,1903535.52882
285,20248.552301,1860201.0564
285,20248.602301,1844345.98079
285,20248.652301,1819836.54707
285,20248.702301,1817680.80058
285,20248.752301,1841371.05923
285,20248.802301,1871834.2733
285,20248.852301,1859381.03818
285,20248.902301,1962345.78532
285,20248.952301,1901421.60256
285,20249.002301,1904888.94469
285,20249.052301,1926647.22823
285,20249.102301,1861231.35996
285,20249.152301,1866667.62436
285,20249.202301,1861290.52435
285,20249.252301,1892357.29692
285,20249.302301,1940256.29939
285,20249.352301,1920918.97318
285,20249.402301,1945484.65981
285,20249.452301,1957780.44218
285,20249.502301,1904244.62739
285,20249.552301,2010698.17459
285,20249.602301,1954292.12366
285,20249.652301,2011142.68506
285,20249.702301,1996142.33361
285,20249.752301,2008931.50194
285,20249.802301,1974275.05487
285,20249.852301,1953484.97605
285,20249.902301,1889327.85448
285,20249.952301,1904117.81444
285,20250.002301,1962428.16438
285,20250.052301,1915888.42135
285,20250.102301,1965684.74059
285,20250.152301,1983603.56626
285,20250.202301,2045506.78484
285,20250.252301,2034484.68571
285,20250.302301,2131210.29268
285,20250.352301,2088305.64821
285,20250.402301,2097039.67851
285,20250.452301,2085519.05428
285,20250.502301,2030970.37973
285,20250.552301,1938489.53301
285,20250.602301,1961939.84948
285,20250.652301,2022617.62282
285,20250.702301,2053605.6692
285,20250.752301,2015683.82164
285,20250.802301,1945295.24892
285,20250.852301,1867376.79822
285,20250.902301,1836181.78611
285,20250.952301,1877978.57881
285,20251.002301,1905330.25897
285,20251.052301,1972472.91019
285,20251.102301,2022830.95947
285,20251.152301,2063082.48165
285,20251.202301,2020621.18795
285,20251.252301,2057016.63181
285,20251.302301,2043475.63102
285,20251.352301,2067614.40118
285,20251.402301,2021927.39579
285,20251.452301,2005801.52166
285,20251.502301,1928453.74101
285,20251.552301,1915909.90129
285,20251.602301,1938110.00499
285,20251.652301,2084222.41666
285,20251.702301,2085074.25015
285,20251.752301,2139246.18704
285,20251.802301,2050791.00347
285,20251.852301,2030647.62792
285,20251.902301,2059033.17935
285,20251.952301,2041513.03834
285,20252.002301,2010393.60154
285,20252.052301,2076560.36297
285,20252.102301,2144105.64612
285,20252.152301,2210417.38148
285,20252.202301,2246181.17099
285,20252.252301,2156519.36988
285,20252.302301,2120464.55353
285,20252.352301,2124814.40911
285,20252.402301,2076993.9235
285,20252.452301,2045713.33138
285,20252.502301,2221404.07185
285,20252.552301,2282923.7966
285,20252.602301,2299860.04917
285,20252.652301,2276148.48476
285,20252.702301,2222076.73065
285,20252.752301,2144828.85225
285,20252.802301,2160072.20646
285,20252.852301,2206788.58699
285,20252.902301,2147135.46263
